timestamp,open,high,low,close,adjusted_close,volume,dividend_amount,split_coefficient
9/1/2020,1636.63,1665.73,1632.22,1660.71,1660.71,1826655,0,1
8/31/2020,1647.89,1647.965,1630.31,1634.18,1634.18,1823406,0,1
8/28/2020,1633.49,1647.1699,1630.75,1644.41,1644.41,1499782,0,1
8/27/2020,1653.68,1655,1625.75,1634.33,1634.33,1861602,0,1
8/26/2020,1608,1659.22,1603.6,1652.38,1652.38,3581072,0,1
8/25/2020,1582.07,1611.62,1582.07,1608.22,1608.22,2132084,0,1
8/24/2020,1593.98,1614.17,1580.57,1588.2,1588.2,1410229,0,1
8/21/2020,1577.03,1597.72,1568.005,1580.42,1580.42,1446453,0,1
8/20/2020,1543.45,1585.87,1538.2,1581.75,1581.75,1706877,0,1
8/19/2020,1553.31,1573.68,1543.95,1547.53,1547.53,1660611,0,1
8/18/2020,1526.18,1562.47,1523.71,1558.6,1558.6,2027086,0,1
8/17/2020,1514.67,1525.61,1507.97,1517.98,1517.98,1364082,0,1
8/14/2020,1515.66,1521.9,1502.88,1507.73,1507.73,1355200,0,1
8/13/2020,1510.34,1537.25,1508.005,1518.45,1518.45,1455208,0,1
8/12/2020,1485.58,1512.3859,1485.25,1506.62,1506.62,1437655,0,1
8/11/2020,1492.44,1510,1478,1480.32,1480.32,1454365,0,1
8/10/2020,1487.18,1504.075,1473.08,1496.1,1496.1,1289530,0,1
8/7/2020,1500,1516.845,1481.64,1494.49,1494.49,1577826,0,1
8/6/2020,1471.75,1502.39,1466,1500.1,1500.1,1995368,0,1
8/5/2020,1469.3,1482.41,1463.46,1473.61,1473.61,1979957,0,1
8/4/2020,1476.57,1485.56,1458.65,1464.97,1464.97,1903489,0,1
8/3/2020,1486.64,1490.47,1465.64,1474.45,1474.45,2331514,0,1
7/31/2020,1505.01,1508.95,1454.03,1482.96,1482.96,3429036,0,1
7/30/2020,1497,1537.87,1492.22,1531.45,1531.45,1671396,0,1
7/29/2020,1506.32,1531.2522,1501.33,1522.02,1522.02,1106534,0,1
7/28/2020,1525.18,1526.48,1497.66,1500.34,1500.34,1702174,0,1
7/27/2020,1515.6,1540.97,1515.21,1530.2,1530.2,1245980,0,1
7/24/2020,1498.93,1517.6362,1488.4,1511.87,1511.87,1544404,0,1
7/23/2020,1566.97,1571.87,1507.3918,1515.68,1515.68,1627634,0,1
7/22/2020,1560.5,1570,1546.1,1568.49,1568.49,931985,0,1
7/21/2020,1586.99,1586.99,1554.28,1558.42,1558.42,1183101,0,1
7/20/2020,1515.26,1570.29,1503.6,1565.72,1565.72,1547136,0,1
7/17/2020,1521.62,1523.44,1498.42,1515.55,1515.55,1457000,0,1
7/16/2020,1500,1518.69,1486.31,1518,1518,1519300,0,1
7/15/2020,1523.13,1535.33,1498,1513.64,1513.64,1761000,0,1
7/14/2020,1490.31,1522.95,1483.5,1520.58,1520.58,1585000,0,1
7/13/2020,1550,1577.13,1505.24,1511.34,1511.34,1846400,0,1
7/10/2020,1506.15,1543.83,1496.54,1541.74,1541.74,1857200,0,1
7/9/2020,1506.45,1522.72,1488.08,1510.99,1510.99,1423300,0,1
7/8/2020,1494.32,1505.88,1485.63,1496,1496,1249700,0,1
7/7/2020,1490,1516.8,1483.55,1485.18,1485.18,1458200,0,1
7/6/2020,1480.06,1506.59,1472.86,1495.7,1495.7,1564000,0,1
7/2/2020,1446.94,1482.95,1446.42,1464.7,1464.7,1859800,0,1
7/1/2020,1411.1,1443,1409.82,1438.04,1438.04,1775600,0,1
6/30/2020,1390.44,1418.65,1383.96,1413.61,1413.61,2042400,0,1
6/29/2020,1358.18,1395.6,1347.01,1394.97,1394.97,1810200,0,1
6/26/2020,1431.39,1433.45,1351.99,1359.9,1359.9,4267698,0,1
6/25/2020,1429.9,1442.9,1420,1441.33,1441.33,1230474,0,1
6/24/2020,1461.51,1475.42,1429.75,1431.97,1431.97,1756022,0,1
6/23/2020,1455.64,1475.94,1445.24,1464.41,1464.41,1429764,0,1
6/22/2020,1429,1452.75,1423.21,1451.86,1451.86,1542440,0,1
6/19/2020,1444,1447.8,1421.35,1431.72,1431.72,3157875,0,1
6/18/2020,1449.16,1451.41,1427.01,1435.96,1435.96,1581916,0,1
6/17/2020,1447.16,1460,1431.38,1451.12,1451.12,1549615,0,1
6/16/2020,1445.22,1455.02,1425.9,1442.72,1442.72,1711614,0,1
6/15/2020,1390.8,1424.8,1387.92,1419.85,1419.85,1506096,0,1
6/12/2020,1428.49,1437,1386.02,1413.18,1413.18,1946367,0,1
6/11/2020,1442.48,1454.47,1402,1403.84,1403.84,1991332,0,1
6/10/2020,1459.54,1474.26,1456.27,1465.85,1465.85,1525153,0,1
6/9/2020,1445.36,1468,1443.21,1456.16,1456.16,1409249,0,1
6/8/2020,1422.34,1447.99,1422.34,1446.61,1446.61,1404178,0,1
6/5/2020,1413.17,1445.05,1406,1438.39,1438.39,1735244,0,1
6/4/2020,1430.4,1438.96,1404.73,1412.18,1412.18,1484272,0,1
6/3/2020,1438.3,1446.55,1429.78,1436.38,1436.38,1256186,0,1
6/2/2020,1430.55,1439.61,1418.83,1439.22,1439.22,1278128,0,1
6/1/2020,1418.39,1437.96,1418,1431.82,1431.82,1217140,0,1
5/29/2020,1416.94,1432.57,1413.35,1428.92,1428.92,1838059,0,1
5/28/2020,1396.86,1440.84,1396,1416.73,1416.73,1693976,0,1
5/27/2020,1417.25,1421.74,1391.29,1417.84,1417.84,1686142,0,1
5/26/2020,1437.27,1441,1412.13,1417.02,1417.02,2060643,0,1
5/22/2020,1396.71,1412.76,1391.83,1410.42,1410.42,1309408,0,1
5/21/2020,1408,1415.49,1393.45,1402.8,1402.8,1378020,0,1
5/20/2020,1389.58,1410.42,1387.25,1406.72,1406.72,1655375,0,1
5/19/2020,1387,1392,1373.48,1373.48,1373.48,1280649,0,1
5/18/2020,1361.75,1392.33,1354.25,1383.94,1383.94,1823964,0,1
5/15/2020,1350,1374.48,1339,1373.19,1373.19,1707747,0,1
5/14/2020,1335.02,1357.42,1323.91,1356.13,1356.13,1603077,0,1
5/13/2020,1377.05,1385.48,1328.4,1349.33,1349.33,1812585,0,1
5/12/2020,1407.12,1415,1374.77,1375.74,1375.74,1390600,0,1
5/11/2020,1378.28,1416.53,1377.15,1403.26,1403.26,1412116,0,1
5/8/2020,1383.13,1398.76,1375.48,1388.37,1388.37,1388068,0,1
5/7/2020,1365.94,1377.6,1355.27,1372.56,1372.56,1399759,0,1
5/6/2020,1361.69,1371.12,1347.29,1347.3,1347.3,1215423,0,1
5/5/2020,1337.92,1373.94,1337.46,1351.11,1351.11,1651533,0,1
5/4/2020,1308.23,1327.66,1299,1326.8,1326.8,1504017,0,1
5/1/2020,1328.5,1352.07,1311,1320.61,1320.61,2072639,0,1
4/30/2020,1324.88,1352.82,1322.49,1348.66,1348.66,2668906,0,1
4/29/2020,1341.46,1359.99,1325.34,1341.48,1341.48,3793630,0,1
4/28/2020,1287.93,1288.05,1232.2,1233.67,1233.67,2951309,0,1
4/27/2020,1296,1296.15,1269,1275.88,1275.88,1600563,0,1
4/24/2020,1261.17,1280.4,1249.45,1279.31,1279.31,1640394,0,1
4/23/2020,1271.55,1293.31,1265.67,1276.31,1276.31,1566203,0,1
4/22/2020,1245.54,1285.61,1242,1263.21,1263.21,2093140,0,1
4/21/2020,1247,1254.27,1209.71,1216.34,1216.34,2153003,0,1
4/20/2020,1271,1281.6,1261.37,1266.61,1266.61,1695488,0,1
4/17/2020,1284.85,1294.43,1271.23,1283.25,1283.25,1949042,0,1
4/16/2020,1274.1,1279,1242.62,1263.47,1263.47,2518099,0,1
4/15/2020,1245.61,1280.46,1240.4,1262.47,1262.47,1671703,0,1
4/14/2020,1245.09,1282.07,1236.93,1269.23,1269.23,2470353,0,1
4/13/2020,1209.18,1220.51,1187.6,1217.56,1217.56,1739828,0,1
4/9/2020,1224.08,1225.57,1196.74,1211.45,1211.45,2175421,0,1
4/8/2020,1206.5,1219.07,1188.16,1210.28,1210.28,1975135,0,1
4/7/2020,1221,1225,1182.23,1186.51,1186.51,2387329,0,1
4/6/2020,1138,1194.66,1130.94,1186.92,1186.92,2664723,0,1
4/3/2020,1119.02,1123.54,1079.81,1097.88,1097.88,2313400,0,1
4/2/2020,1098.26,1126.86,1096.4,1120.84,1120.84,1964881,0,1
4/1/2020,1122,1129.69,1097.45,1105.62,1105.62,2344173,0,1
3/31/2020,1147.3,1175.31,1138.14,1162.81,1162.81,2487983,0,1
3/30/2020,1125.04,1151.63,1096.48,1146.82,1146.82,2574061,0,1
3/27/2020,1125.67,1150.67,1105.91,1110.71,1110.71,3208495,0,1
3/26/2020,1111.8,1169.97,1093.53,1161.75,1161.75,3573755,0,1
3/25/2020,1126.47,1148.9,1086.01,1102.49,1102.49,4081528,0,1
3/24/2020,1103.77,1135,1090.62,1134.46,1134.46,3344450,0,1
3/23/2020,1061.32,1071.32,1013.54,1056.62,1056.62,4044137,0,1
3/20/2020,1135.72,1143.99,1065.49,1072.32,1072.32,3601750,0,1
3/19/2020,1093.05,1157.97,1060.11,1115.29,1115.29,3651106,0,1
3/18/2020,1056.51,1106.5,1037.28,1096.8,1096.8,4233435,0,1
3/17/2020,1093.11,1130.86,1056.01,1119.8,1119.8,3861489,0,1
3/16/2020,1096,1152.27,1074.44,1084.33,1084.33,4252365,0,1
3/13/2020,1179,1219.76,1117.14,1219.73,1219.73,3700125,0,1
3/12/2020,1126,1193.87,1113.3,1114.91,1114.91,4226748,0,1
3/11/2020,1249.7,1260.96,1196.07,1215.41,1215.41,2611229,0,1
3/10/2020,1260,1281.15,1218.77,1280.39,1280.39,2611373,0,1
3/9/2020,1205.3,1254.76,1200,1215.56,1215.56,3365365,0,1
3/6/2020,1277.06,1306.22,1261.05,1298.41,1298.41,2660628,0,1
3/5/2020,1350.2,1358.91,1305.1,1319.04,1319.04,2561288,0,1
3/4/2020,1359.23,1388.09,1343.11,1386.52,1386.52,1913315,0,1
3/3/2020,1399.42,1410.15,1332,1341.39,1341.39,2402326,0,1
3/2/2020,1351.61,1390.87,1326.82,1389.11,1389.11,2431468,0,1
2/28/2020,1277.5,1341.14,1271,1339.33,1339.33,3790618,0,1
2/27/2020,1362.06,1371.7,1317.17,1318.09,1318.09,2978300,0,1
2/26/2020,1396.14,1415.7,1379,1393.18,1393.18,2204037,0,1
2/25/2020,1433,1438.14,1382.4,1388.45,1388.45,2478278,0,1
2/24/2020,1426.11,1436.97,1411.39,1421.59,1421.59,2867053,0,1
2/21/2020,1508.03,1512.21,1480.44,1485.11,1485.11,1732273,0,1
2/20/2020,1522,1529.64,1506.82,1518.15,1518.15,1096552,0,1
2/19/2020,1525.07,1532.11,1521.4,1526.69,1526.69,949268,0,1
2/18/2020,1515,1531.63,1512.59,1519.67,1519.67,1121140,0,1
2/14/2020,1515.6,1520.74,1507.34,1520.74,1520.74,1197836,0,1
2/13/2020,1512.69,1527.18,1504.6,1514.66,1514.66,929730,0,1
2/12/2020,1514.48,1520.69,1508.11,1518.27,1518.27,1167565,0,1
2/11/2020,1511.81,1529.63,1505.64,1508.79,1508.79,1344633,0,1
2/10/2020,1474.32,1509.5,1474.32,1508.68,1508.68,1419876,0,1
2/7/2020,1467.3,1485.84,1466.35,1479.23,1479.23,1172270,0,1
2/6/2020,1450.33,1482,1449.57,1476.23,1476.23,1679384,0,1
2/5/2020,1462.42,1463.84,1430.56,1448.23,1448.23,1986157,0,1
2/4/2020,1457.07,1469.5,1426.3,1447.07,1447.07,3932954,0,1
2/3/2020,1462,1490,1458.99,1485.94,1485.94,3055216,0,1
1/31/2020,1468.9,1470.13,1428.53,1434.23,1434.23,2417214,0,1
1/30/2020,1439.96,1457.28,1436.4,1455.84,1455.84,1339421,0,1
1/29/2020,1458.8,1465.43,1446.74,1458.63,1458.63,1078667,0,1
1/28/2020,1443,1456,1432.47,1452.56,1452.56,1577422,0,1
1/27/2020,1431,1438.07,1421.2,1433.9,1433.9,1755201,0,1
1/24/2020,1493.59,1495.49,1465.25,1466.71,1466.71,1784644,0,1
1/23/2020,1487.64,1495.52,1482.1,1486.65,1486.65,1351354,0,1
1/22/2020,1491,1503.21,1484.93,1485.95,1485.95,1610846,0,1
1/21/2020,1479.12,1491.85,1471.2,1484.4,1484.4,2008830,0,1
1/17/2020,1462.91,1481.3,1458.22,1480.39,1480.39,2396215,0,1
1/16/2020,1447.44,1451.99,1440.92,1451.7,1451.7,1173688,0,1
1/15/2020,1430.21,1441.39,1430.21,1439.2,1439.2,1282685,0,1
1/14/2020,1439.01,1441.8,1428.37,1430.88,1430.88,1560453,0,1
1/13/2020,1436.13,1440.52,1426.02,1439.23,1439.23,1378286,0,1
1/10/2020,1427.56,1434.93,1418.35,1429.73,1429.73,1821566,0,1
1/9/2020,1420.57,1427.33,1410.27,1419.83,1419.83,1502664,0,1
1/8/2020,1392.08,1411.58,1390.84,1404.32,1404.32,1529177,0,1
1/7/2020,1397.94,1402.99,1390.38,1393.34,1393.34,1511693,0,1
1/6/2020,1350,1396.5,1350,1394.21,1394.21,1733149,0,1
1/3/2020,1347.86,1372.5,1345.54,1360.66,1360.66,1187006,0,1
1/2/2020,1341.55,1368.14,1341.55,1367.37,1367.37,1406731,0,1
12/31/2019,1330.11,1338,1329.09,1337.02,1337.02,962468,0,1
12/30/2019,1350,1353,1334.02,1336.14,1336.14,1051323,0,1
12/27/2019,1362.99,1364.53,1349.31,1351.89,1351.89,1038718,0,1
12/26/2019,1346.17,1361.33,1344.47,1360.4,1360.4,667754,0,1
12/24/2019,1348.5,1350.26,1342.78,1343.56,1343.56,347518,0,1
12/23/2019,1355.87,1359.8,1346.51,1348.84,1348.84,883200,0,1
12/20/2019,1363.35,1363.64,1349,1349.59,1349.59,3316905,0,1
12/19/2019,1351.82,1358.1,1348.98,1356.04,1356.04,1470112,0,1
12/18/2019,1356.6,1360.47,1351,1352.62,1352.62,1657069,0,1
12/17/2019,1362.89,1365,1351.32,1355.12,1355.12,1855259,0,1
12/16/2019,1356.5,1364.68,1352.67,1361.17,1361.17,1397451,0,1
12/13/2019,1347.95,1353.09,1343.87,1347.83,1347.83,1550028,0,1
12/12/2019,1345.94,1355.78,1340.5,1350.27,1350.27,1281722,0,1
12/11/2019,1350.84,1351.2,1342.67,1345.02,1345.02,850796,0,1
12/10/2019,1341.5,1349.97,1336.04,1344.66,1344.66,1094653,0,1
12/9/2019,1338.04,1359.45,1337.84,1343.56,1343.56,1355795,0,1
12/6/2019,1333.44,1344,1333.44,1340.62,1340.62,1315510,0,1
12/5/2019,1328,1329.36,1316.44,1328.13,1328.13,1212818,0,1
12/4/2019,1307.01,1325.8,1304.87,1320.54,1320.54,1538110,0,1
12/3/2019,1279.57,1298.46,1279,1295.28,1295.28,1268647,0,1
12/2/2019,1301,1305.83,1281,1289.92,1289.92,1511851,0,1
11/29/2019,1307.12,1310.2,1303.97,1304.96,1304.96,586981,0,1
11/27/2019,1315,1318.36,1309.63,1312.99,1312.99,996329,0,1
11/26/2019,1309.86,1314.8,1305.09,1313.55,1313.55,1069795,0,1
11/25/2019,1299.18,1311.31,1298.13,1306.69,1306.69,1036487,0,1
11/22/2019,1305.62,1308.73,1291.41,1295.34,1295.34,1386506,0,1
11/21/2019,1301.48,1312.59,1293,1301.35,1301.35,995499,0,1
11/20/2019,1311.74,1315,1291.15,1303.05,1303.05,1309835,0,1
11/19/2019,1327.7,1327.7,1312.8,1315.46,1315.46,1269372,0,1
11/18/2019,1332.22,1335.53,1317.5,1320.7,1320.7,1488083,0,1
11/15/2019,1318.94,1334.88,1314.28,1334.87,1334.87,1782955,0,1
11/14/2019,1297.5,1317,1295.65,1311.46,1311.46,1194305,0,1
11/13/2019,1294.07,1304.3,1293.51,1298,1298,853861,0,1
11/12/2019,1300,1310,1295.77,1298.8,1298.8,1085859,0,1
11/11/2019,1303.18,1306.42,1297.41,1299.19,1299.19,1012429,0,1
11/8/2019,1305.28,1318,1304.37,1311.37,1311.37,1251916,0,1
11/7/2019,1294.28,1323.74,1294.24,1308.86,1308.86,2029970,0,1
11/6/2019,1289.46,1293.73,1282.5,1291.8,1291.8,1152977,0,1
11/5/2019,1292.89,1298.93,1291.23,1292.03,1292.03,1282711,0,1
11/4/2019,1276.45,1294.13,1276.36,1291.37,1291.37,1500964,0,1
11/1/2019,1265,1274.62,1260.5,1273.74,1273.74,1670072,0,1
10/31/2019,1261.28,1267.67,1250.84,1260.11,1260.11,1455651,0,1
10/30/2019,1252.97,1269.36,1252,1261.29,1261.29,1408851,0,1
10/29/2019,1276.23,1281.59,1257.21,1262.62,1262.62,1886380,0,1
10/28/2019,1275.45,1299.31,1272.54,1290,1290,2524976,0,1
10/25/2019,1251.03,1269.6,1250.01,1265.13,1265.13,1213051,0,1
10/24/2019,1260.9,1264,1253.71,1260.99,1260.99,1039868,0,1
10/23/2019,1242.36,1259.89,1242.36,1259.13,1259.13,928595,0,1
10/22/2019,1247.85,1250.6,1241.38,1242.8,1242.8,1047851,0,1
10/21/2019,1252.26,1254.63,1240.6,1246.15,1246.15,1026750,0,1
10/18/2019,1253.46,1258.89,1241.08,1245.49,1245.49,1321924,0,1
10/17/2019,1250.93,1263.33,1249.94,1253.07,1253.07,980510,0,1
10/16/2019,1241.17,1254.74,1238.45,1243.64,1243.64,1168174,0,1
10/15/2019,1220.4,1247.33,1220.4,1243.01,1243.01,1395259,0,1
10/14/2019,1212.34,1226.33,1211.76,1217.14,1217.14,882039,0,1
10/11/2019,1222.21,1228.39,1213.74,1215.45,1215.45,1277144,0,1
10/10/2019,1198.58,1215,1197.34,1208.67,1208.67,932531,0,1
10/9/2019,1199.35,1208.35,1197.63,1202.31,1202.31,876632,0,1
10/8/2019,1197.59,1206.08,1189.01,1189.13,1189.13,1141784,0,1
10/7/2019,1204.4,1218.2,1203.75,1207.68,1207.68,867149,0,1
10/4/2019,1191.89,1211.44,1189.17,1209,1209,1183264,0,1
10/3/2019,1180,1189.06,1162.43,1187.83,1187.83,1663656,0,1
10/2/2019,1196.98,1196.99,1171.29,1176.63,1176.63,1639237,0,1
10/1/2019,1219,1231.23,1203.58,1205.1,1205.1,1358279,0,1
9/30/2019,1220.97,1226,1212.3,1219,1219,1419676,0,1
9/27/2019,1243.01,1244.02,1214.45,1225.09,1225.09,1354432,0,1
9/26/2019,1241.96,1245,1232.27,1241.39,1241.39,1561882,0,1
9/25/2019,1215.82,1248.3,1210.09,1246.52,1246.52,1593875,0,1
9/24/2019,1240,1246.74,1210.68,1218.76,1218.76,1591786,0,1
9/23/2019,1226,1239.09,1224.17,1234.03,1234.03,1075253,0,1
9/20/2019,1233.12,1243.32,1223.08,1229.93,1229.93,2337269,0,1
9/19/2019,1232.06,1244.44,1232.02,1238.71,1238.71,1000155,0,1
9/18/2019,1227.51,1235.61,1216.53,1232.41,1232.41,1144333,0,1
9/17/2019,1230.4,1235,1223.69,1229.15,1229.15,958112,0,1
9/16/2019,1229.52,1239.56,1225.61,1231.3,1231.3,1053299,0,1
9/13/2019,1231.35,1240.88,1227.01,1239.56,1239.56,1301350,0,1
9/12/2019,1224.3,1241.86,1223.02,1234.25,1234.25,1725908,0,1
9/11/2019,1203.41,1222.6,1202.2,1220.17,1220.17,1307033,0,1
9/10/2019,1195.15,1210,1194.58,1206,1206,1260115,0,1
9/9/2019,1204,1220,1192.62,1204.41,1204.41,1471880,0,1
9/6/2019,1208.13,1212.02,1202.52,1204.93,1204.93,1072143,0,1
9/5/2019,1191.53,1213.04,1191.53,1211.38,1211.38,1408601,0,1
9/4/2019,1176.71,1183.48,1171,1181.41,1181.41,1068968,0,1
9/3/2019,1177.03,1186.89,1163.2,1168.39,1168.39,1480420,0,1
8/30/2019,1198.5,1198.5,1183.8,1188.1,1188.1,1129959,0,1
8/29/2019,1181.12,1196.06,1181.12,1192.85,1192.85,1088858,0,1
8/28/2019,1161.71,1176.42,1157.3,1171.02,1171.02,770915,0,1
8/27/2019,1180.53,1182.4,1161.45,1167.84,1167.84,1077452,0,1
8/26/2019,1157.26,1169.47,1152.96,1168.89,1168.89,1226441,0,1
8/23/2019,1181.99,1194.08,1147.75,1151.29,1151.29,1688271,0,1
8/22/2019,1194.07,1198.01,1178.58,1189.53,1189.53,947906,0,1
8/21/2019,1193.15,1199,1187.43,1191.25,1191.25,741053,0,1
8/20/2019,1195.25,1196.06,1182.11,1182.69,1182.69,915605,0,1
8/19/2019,1190.09,1206.99,1190.09,1198.45,1198.45,1232517,0,1
8/16/2019,1179.55,1182.72,1171.81,1177.6,1177.6,1349436,0,1
8/15/2019,1163.5,1175.84,1162.11,1167.26,1167.26,1224739,0,1
8/14/2019,1176.31,1182.3,1160.54,1164.29,1164.29,1578668,0,1
8/13/2019,1171.46,1204.78,1171.46,1197.27,1197.27,1318009,0,1
8/12/2019,1179.21,1184.96,1167.67,1174.71,1174.71,1003187,0,1
8/9/2019,1197.99,1203.88,1183.6,1188.01,1188.01,1065658,0,1
8/8/2019,1182.83,1205.01,1173.02,1204.8,1204.8,1467997,0,1
8/7/2019,1156,1178.45,1149.62,1173.99,1173.99,1444324,0,1
8/6/2019,1163.31,1179.96,1160,1169.95,1169.95,1709374,0,1
8/5/2019,1170.04,1175.24,1140.14,1152.32,1152.32,2597455,0,1
8/2/2019,1200.74,1206.9,1188.94,1193.99,1193.99,1645067,0,1
8/1/2019,1214.03,1234.11,1205.72,1209.01,1209.01,1698510,0,1
7/31/2019,1223,1234,1207.76,1216.68,1216.68,1725454,0,1
7/30/2019,1225.41,1234.87,1223.3,1225.14,1225.14,1453263,0,1
7/29/2019,1241.05,1247.37,1228.23,1239.41,1239.41,2223731,0,1
7/26/2019,1224.04,1265.55,1224,1250.41,1250.41,4805752,0,1
7/25/2019,1137.82,1141.7,1120.92,1132.12,1132.12,2209881,0,1
7/24/2019,1131.9,1144,1126.99,1137.81,1137.81,1590101,0,1
7/23/2019,1144,1146.9,1131.8,1146.21,1146.21,1093688,0,1
7/22/2019,1133.45,1139.25,1124.24,1138.07,1138.07,1301846,0,1
7/19/2019,1148.19,1151.14,1129.62,1130.1,1130.1,1647245,0,1
7/18/2019,1141.74,1147.61,1132.73,1146.33,1146.33,1291281,0,1
7/17/2019,1150.97,1158.36,1145.77,1146.35,1146.35,1170047,0,1
7/16/2019,1146,1158.58,1145,1153.58,1153.58,1238807,0,1
7/15/2019,1146.86,1150.82,1139.4,1150.34,1150.34,903780,0,1
7/12/2019,1143.99,1147.34,1138.78,1144.9,1144.9,863973,0,1
7/11/2019,1143.25,1153.07,1139.58,1144.21,1144.21,1195569,0,1
7/10/2019,1131.22,1142.05,1130.97,1140.48,1140.48,1209466,0,1
7/9/2019,1111.8,1128.03,1107.17,1124.83,1124.83,1330370,0,1
7/8/2019,1125.17,1125.98,1111.21,1116.35,1116.35,1236419,0,1
7/5/2019,1117.8,1132.88,1116.14,1131.59,1131.59,1264540,0,1
7/3/2019,1117.41,1126.76,1113.86,1121.58,1121.58,767011,0,1
7/2/2019,1102.24,1111.77,1098.17,1111.25,1111.25,991755,0,1
7/1/2019,1098,1107.58,1093.7,1097.95,1097.95,1438504,0,1
6/28/2019,1076.39,1081,1073.37,1080.91,1080.91,1693450,0,1
6/27/2019,1084,1087.1,1075.29,1076.01,1076.01,1004477,0,1
6/26/2019,1086.5,1092.97,1072.24,1079.8,1079.8,1810869,0,1
6/25/2019,1112.66,1114.35,1083.8,1086.35,1086.35,1546913,0,1
6/24/2019,1119.61,1122,1111.01,1115.52,1115.52,1395696,0,1
6/21/2019,1109.24,1124.11,1108.08,1121.88,1121.88,1947591,0,1
6/20/2019,1119.99,1120.12,1104.74,1111.42,1111.42,1262011,0,1
6/19/2019,1105.6,1107,1093.48,1102.33,1102.33,1339218,0,1
6/18/2019,1109.69,1116.39,1098.99,1103.6,1103.6,1386684,0,1
6/17/2019,1086.28,1099.18,1086.28,1092.5,1092.5,941602,0,1
6/14/2019,1086.42,1092.69,1080.17,1085.35,1085.35,1111643,0,1
6/13/2019,1083.64,1094.17,1080.15,1088.77,1088.77,1058000,0,1
6/12/2019,1078,1080.93,1067.54,1077.03,1077.03,1061255,0,1
6/11/2019,1093.98,1101.99,1077.6,1078.72,1078.72,1437063,0,1
6/10/2019,1072.98,1092.66,1072.32,1080.38,1080.38,1464248,0,1
6/7/2019,1050.63,1070.92,1048.4,1066.04,1066.04,1802370,0,1
6/6/2019,1044.99,1047.49,1033.7,1044.34,1044.34,1703244,0,1
6/5/2019,1051.54,1053.55,1030.49,1042.22,1042.22,2168439,0,1
6/4/2019,1042.9,1056.05,1033.69,1053.05,1053.05,2833483,0,1
6/3/2019,1065.5,1065.5,1025,1036.23,1036.23,5130576,0,1
5/31/2019,1101.29,1109.6,1100.18,1103.63,1103.63,1508203,0,1
5/30/2019,1115.54,1123.13,1112.12,1117.95,1117.95,951873,0,1
5/29/2019,1127.52,1129.1,1108.22,1116.46,1116.46,1538212,0,1
5/28/2019,1134,1151.59,1133.12,1134.15,1134.15,1365166,0,1
5/24/2019,1147.36,1149.77,1131.66,1133.47,1133.47,1112341,0,1
5/23/2019,1140.5,1145.97,1129.22,1140.77,1140.77,1199300,0,1
5/22/2019,1146.75,1158.52,1145.89,1151.42,1151.42,914839,0,1
5/21/2019,1148.49,1152.71,1137.94,1149.63,1149.63,1160158,0,1
5/20/2019,1144.5,1146.8,1131.44,1138.85,1138.85,1353292,0,1
5/17/2019,1168.47,1180.15,1160.01,1162.3,1162.3,1208623,0,1
5/16/2019,1164.51,1188.16,1162.84,1178.98,1178.98,1531404,0,1
5/15/2019,1117.87,1171.33,1116.67,1164.21,1164.21,2289302,0,1
5/14/2019,1137.21,1140.42,1119.55,1120.44,1120.44,1836604,0,1
5/13/2019,1141.96,1147.94,1122.11,1132.03,1132.03,1860648,0,1
5/10/2019,1163.59,1172.6,1142.5,1164.27,1164.27,1314546,0,1
5/9/2019,1159.03,1169.66,1150.85,1162.38,1162.38,1185973,0,1
5/8/2019,1172.01,1180.42,1165.74,1166.27,1166.27,1309514,0,1
5/7/2019,1180.47,1190.44,1161.04,1174.1,1174.1,1551368,0,1
5/6/2019,1166.26,1190.85,1166.26,1189.39,1189.39,1563943,0,1
5/3/2019,1173.65,1186.8,1169,1185.4,1185.4,1980653,0,1
5/2/2019,1167.76,1174.19,1155,1162.61,1162.61,1944817,0,1
5/1/2019,1188.05,1188.05,1167.18,1168.08,1168.08,2642983,0,1
4/30/2019,1185,1192.81,1175,1188.48,1188.48,6207027,0,1
4/29/2019,1274,1289.27,1266.29,1287.58,1287.58,2499432,0,1
4/26/2019,1269,1273.07,1260.32,1272.18,1272.18,1241428,0,1
4/25/2019,1264.77,1267.41,1252.03,1263.45,1263.45,1107295,0,1
4/24/2019,1264.12,1268.01,1255,1256,1256,1018753,0,1
4/23/2019,1250.69,1269,1246.38,1264.55,1264.55,1319910,0,1
4/22/2019,1235.99,1249.09,1228.31,1248.84,1248.84,807334,0,1
4/18/2019,1239.18,1242,1234.61,1236.37,1236.37,1331823,0,1
4/17/2019,1233,1240.56,1227.82,1236.34,1236.34,1221930,0,1
4/16/2019,1225,1230.82,1220.12,1227.13,1227.13,856304,0,1
4/15/2019,1218,1224.2,1209.11,1221.1,1221.1,1187519,0,1
4/12/2019,1210,1218.35,1208.11,1217.87,1217.87,933794,0,1
4/11/2019,1203.96,1207.96,1200.13,1204.62,1204.62,710231,0,1
4/10/2019,1200.68,1203.79,1196.43,1202.16,1202.16,724643,0,1
4/9/2019,1196,1202.29,1193.08,1197.25,1197.25,876381,0,1
4/8/2019,1207.89,1208.69,1199.86,1203.84,1203.84,860363,0,1
4/5/2019,1214.99,1216.22,1205.03,1207.15,1207.15,907152,0,1
4/4/2019,1205.94,1215.67,1204.13,1215,1215,950747,0,1
4/3/2019,1207.48,1216.3,1200.5,1205.92,1205.92,1017838,0,1
4/2/2019,1195.32,1201.35,1185.71,1200.49,1200.49,827973,0,1
4/1/2019,1184.1,1196.66,1182,1194.43,1194.43,1252757,0,1
3/29/2019,1174.9,1178.99,1162.88,1173.31,1173.31,1269979,0,1
3/28/2019,1171.54,1171.57,1159.43,1168.49,1168.49,1012430,0,1
3/27/2019,1185.5,1187.56,1159.37,1173.02,1173.02,1400240,0,1
3/26/2019,1198.53,1202.83,1176.72,1184.62,1184.62,1901156,0,1
3/25/2019,1196.93,1206.4,1187.04,1193,1193,1496843,0,1
3/22/2019,1226.32,1230,1202.83,1205.5,1205.5,1714247,0,1
3/21/2019,1216,1231.79,1213.15,1231.54,1231.54,1204045,0,1
3/20/2019,1197.35,1227.14,1196.17,1223.97,1223.97,2227786,0,1
3/19/2019,1188.81,1200,1185.87,1198.85,1198.85,1520688,0,1
3/18/2019,1183.3,1190,1177.42,1184.26,1184.26,1292633,0,1
3/15/2019,1193.38,1196.57,1182.61,1184.46,1184.46,2459957,0,1
3/14/2019,1194.51,1197.88,1184.48,1185.55,1185.55,1172815,0,1
3/13/2019,1200.64,1200.93,1191.94,1193.32,1193.32,1435936,0,1
3/12/2019,1178.26,1200,1178.26,1193.2,1193.2,2013115,0,1
3/11/2019,1144.45,1176.19,1144.45,1175.76,1175.76,1719192,0,1
3/8/2019,1126.73,1147.08,1123.3,1142.32,1142.32,1212489,0,1
3/7/2019,1155.72,1156.76,1134.91,1143.3,1143.3,1166559,0,1
3/6/2019,1162.49,1167.57,1155.49,1157.86,1157.86,1099289,0,1
3/5/2019,1150.06,1169.61,1146.19,1162.03,1162.03,1443174,0,1
3/4/2019,1146.99,1158.28,1130.69,1147.8,1147.8,1446047,0,1
3/1/2019,1124.9,1142.97,1124.75,1140.99,1140.99,1450316,0,1
2/28/2019,1111.3,1127.65,1111.01,1119.92,1119.92,1542609,0,1
2/27/2019,1106.95,1117.98,1101,1116.05,1116.05,968760,0,1
2/26/2019,1105.75,1119.51,1099.92,1115.13,1115.13,1471743,0,1
2/25/2019,1116,1118.54,1107.27,1109.4,1109.4,1413061,0,1
2/22/2019,1100.9,1111.24,1095.6,1110.37,1110.37,1049545,0,1
2/21/2019,1110.84,1111.94,1092.52,1096.97,1096.97,1415473,0,1
2/20/2019,1119.99,1123.41,1105.28,1113.8,1113.8,1087817,0,1
2/19/2019,1110,1121.89,1110,1118.56,1118.56,1046628,0,1
2/15/2019,1130.08,1131.67,1110.65,1113.65,1113.65,1449830,0,1
2/14/2019,1118.05,1128.23,1110.44,1121.67,1121.67,947632,0,1
2/13/2019,1124.99,1134.73,1118.5,1120.16,1120.16,1049781,0,1
2/12/2019,1106.8,1125.3,1105.85,1121.37,1121.37,1609513,0,1
2/11/2019,1096.95,1105.94,1092.86,1095.01,1095.01,1065194,0,1
2/8/2019,1087,1098.91,1086.55,1095.06,1095.06,1075769,0,1
2/7/2019,1104.16,1104.84,1086,1098.71,1098.71,2044827,0,1
2/6/2019,1139.57,1147,1112.77,1115.23,1115.23,2105592,0,1
2/5/2019,1124.84,1146.85,1117.25,1145.99,1145.99,3552194,0,1
2/4/2019,1112.66,1132.8,1109.02,1132.8,1132.8,2576470,0,1
2/1/2019,1112.4,1125,1104.89,1110.75,1110.75,1462208,0,1
1/31/2019,1103,1117.33,1095.41,1116.37,1116.37,1538324,0,1
1/30/2019,1068.43,1091,1066.85,1089.06,1089.06,1279822,0,1
1/29/2019,1072.68,1075.15,1055.86,1060.62,1060.62,1021819,0,1
1/28/2019,1080.11,1083,1063.8,1070.08,1070.08,1284281,0,1
1/25/2019,1085,1094,1081.82,1090.99,1090.99,1119216,0,1
1/24/2019,1076.48,1079.47,1060.7,1073.9,1073.9,1361673,0,1
1/23/2019,1077.35,1084.93,1059.75,1075.57,1075.57,966956,0,1
1/22/2019,1088,1091.51,1063.47,1070.52,1070.52,1613527,0,1
1/18/2019,1100,1108.35,1090.9,1098.26,1098.26,1955559,0,1
1/17/2019,1079.47,1091.8,1073.5,1089.9,1089.9,1242664,0,1
1/16/2019,1080,1092.38,1079.34,1080.97,1080.97,1331819,0,1
1/15/2019,1050.17,1080.05,1047.34,1077.15,1077.15,1463570,0,1
1/14/2019,1046.92,1051.53,1041.26,1044.69,1044.69,1144263,0,1
1/11/2019,1063.18,1063.78,1048.48,1057.19,1057.19,1520756,0,1
1/10/2019,1067.66,1071.15,1057.71,1070.33,1070.33,1456421,0,1
1/9/2019,1081.65,1082.63,1066.4,1074.66,1074.66,1199272,0,1
1/8/2019,1076.11,1084.56,1060.53,1076.28,1076.28,1765267,0,1
1/7/2019,1071.5,1074,1054.76,1068.39,1068.39,1981874,0,1
1/4/2019,1032.59,1070.84,1027.42,1070.71,1070.71,2093894,0,1
1/3/2019,1041,1056.98,1014.07,1016.06,1016.06,1841066,0,1
1/2/2019,1016.57,1052.32,1015.71,1045.85,1045.85,1532608,0,1
12/31/2018,1050.96,1052.7,1023.59,1035.61,1035.61,1493722,0,1
12/28/2018,1049.62,1055.56,1033.1,1037.08,1037.08,1413772,0,1
12/27/2018,1017.15,1043.89,997,1043.88,1043.88,2109777,0,1
12/26/2018,989.01,1040,983,1039.46,1039.46,2373270,0,1
12/24/2018,973.9,1003.54,970.11,976.22,976.22,1590328,0,1
12/21/2018,1015.3,1024.02,973.69,979.54,979.54,4595891,0,1
12/20/2018,1018.13,1034.22,996.36,1009.41,1009.41,2673464,0,1
12/19/2018,1033.99,1062,1008.05,1023.01,1023.01,2479338,0,1
12/18/2018,1026.09,1049.48,1021.44,1028.71,1028.71,2192533,0,1
12/17/2018,1037.51,1053.15,1007.9,1016.53,1016.53,2385364,0,1
12/14/2018,1049.98,1062.6,1040.79,1042.1,1042.1,1686619,0,1
12/13/2018,1068.07,1079.76,1053.93,1061.9,1061.9,1329768,0,1
12/12/2018,1068,1081.65,1062.79,1063.68,1063.68,1523804,0,1
12/11/2018,1056.49,1060.6,1039.84,1051.75,1051.75,1394731,0,1
12/10/2018,1035.05,1048.45,1023.29,1039.55,1039.55,1807725,0,1
12/7/2018,1060.01,1075.26,1028.5,1036.58,1036.58,2101206,0,1
12/6/2018,1034.26,1071.2,1030.77,1068.73,1068.73,2769225,0,1
12/4/2018,1103.12,1104.42,1049.98,1050.82,1050.82,2345166,0,1
12/3/2018,1123.14,1124.65,1103.66,1106.43,1106.43,1990758,0,1
11/30/2018,1089.07,1095.57,1077.88,1094.43,1094.43,2580612,0,1
11/29/2018,1076.08,1094.24,1076,1088.3,1088.3,1468859,0,1
11/28/2018,1048.76,1086.84,1035.76,1086.23,1086.23,2475419,0,1
11/27/2018,1041,1057.58,1038.49,1044.41,1044.41,1803164,0,1
11/26/2018,1038.35,1049.31,1033.91,1048.62,1048.62,1942822,0,1
11/23/2018,1030,1037.59,1022.4,1023.88,1023.88,691462,0,1
11/21/2018,1036.76,1048.56,1033.47,1037.61,1037.61,1534274,0,1
11/20/2018,1000,1031.74,996.02,1025.76,1025.76,2449130,0,1
11/19/2018,1057.2,1060.79,1016.26,1020,1020,1858614,0,1
11/16/2018,1059.41,1067,1048.98,1061.49,1061.49,1658116,0,1
11/15/2018,1044.71,1071.85,1031.78,1064.71,1064.71,1836084,0,1
11/14/2018,1050,1054.56,1031,1043.66,1043.66,1565945,0,1
11/13/2018,1043.29,1056.61,1031.15,1036.05,1036.05,1513702,0,1
11/12/2018,1061.39,1062.12,1031,1038.63,1038.63,1471758,0,1
11/9/2018,1073.99,1075.56,1053.11,1066.15,1066.15,1343313,0,1
11/8/2018,1091.38,1093.27,1072.2,1082.4,1082.4,1488182,0,1
11/7/2018,1069,1095.46,1065.9,1093.39,1093.39,2058356,0,1
11/6/2018,1039.48,1064.35,1038.07,1055.81,1055.81,1233306,0,1
11/5/2018,1055,1058.47,1021.24,1040.09,1040.09,2441430,0,1
11/2/2018,1073.73,1082.97,1054.61,1057.79,1057.79,1839043,0,1
11/1/2018,1075.8,1083.97,1062.46,1070,1070,1481979,0,1
10/31/2018,1059.81,1091.94,1057,1076.77,1076.77,2529768,0,1
10/30/2018,1008.46,1037.49,1000.75,1036.21,1036.21,3212657,0,1
10/29/2018,1082.47,1097.04,995.83,1020.08,1020.08,3880723,0,1
10/26/2018,1037.03,1106.53,1034.09,1071.47,1071.47,4187586,0,1
10/25/2018,1071.79,1110.98,1069.55,1095.57,1095.57,2545839,0,1
10/24/2018,1104.25,1106.12,1048.74,1050.71,1050.71,1982430,0,1
10/23/2018,1080.89,1107.89,1070,1103.69,1103.69,1848654,0,1
10/22/2018,1103.06,1112.23,1091,1101.16,1101.16,1514220,0,1
10/19/2018,1093.37,1110.36,1087.75,1096.46,1096.46,1267649,0,1
10/18/2018,1121.84,1121.84,1077.09,1087.97,1087.97,2094524,0,1
10/17/2018,1126.46,1128.99,1102.19,1115.69,1115.69,1467226,0,1
10/16/2018,1104.59,1124.22,1102.5,1121.28,1121.28,1928540,0,1
10/15/2018,1108.91,1113.45,1089,1092.25,1092.25,1372393,0,1
10/12/2018,1108,1115,1086.4,1110.08,1110.08,2101303,0,1
10/11/2018,1072.94,1106.4,1068.27,1079.32,1079.32,2950120,0,1
10/10/2018,1131.08,1132.17,1081.13,1081.22,1081.22,2675742,0,1
10/9/2018,1146.15,1154.35,1137.57,1138.82,1138.82,1308764,0,1
10/8/2018,1150.11,1168,1127.36,1148.97,1148.97,1932355,0,1
10/5/2018,1167.5,1173.5,1145.12,1157.35,1157.35,1184452,0,1
10/4/2018,1195.33,1197.51,1155.58,1168.19,1168.19,2209490,0,1
10/3/2018,1205,1206.41,1193.83,1202.95,1202.95,1256214,0,1
10/2/2018,1190.96,1209.96,1186.63,1200.11,1200.11,1687914,0,1
10/1/2018,1199.89,1209.9,1190.3,1195.31,1195.31,1357604,0,1
9/28/2018,1191.87,1195.41,1184.5,1193.47,1193.47,1380629,0,1
9/27/2018,1186.73,1202.1,1183.63,1194.64,1194.64,1260754,0,1
9/26/2018,1185.15,1194.23,1174.77,1180.49,1180.49,1462253,0,1
9/25/2018,1176.15,1186.88,1168,1184.65,1184.65,977731,0,1
9/24/2018,1157.17,1178,1146.91,1173.37,1173.37,1271017,0,1
9/21/2018,1192,1192.21,1166.04,1166.09,1166.09,4405584,0,1
9/20/2018,1179.99,1189.89,1173.36,1186.87,1186.87,1225387,0,1
9/19/2018,1164.98,1173.21,1154.58,1171.09,1171.09,1191386,0,1
9/18/2018,1157.09,1176.08,1157.09,1161.22,1161.22,1203686,0,1
9/17/2018,1170.14,1177.24,1154.03,1156.05,1156.05,1306522,0,1
9/14/2018,1179.1,1180.42,1168.33,1172.53,1172.53,943978,0,1
9/13/2018,1170.74,1178.61,1162.85,1175.33,1175.33,1431214,0,1
9/12/2018,1172.72,1178.61,1158.36,1162.82,1162.82,1295472,0,1
9/11/2018,1161.63,1178.68,1156.24,1177.36,1177.36,1209565,0,1
9/10/2018,1172.19,1174.54,1160.11,1164.64,1164.64,1115796,0,1
9/7/2018,1158.67,1175.26,1157.21,1164.83,1164.83,1401404,0,1
9/6/2018,1186.3,1186.3,1152,1171.44,1171.44,1888467,0,1
9/5/2018,1193.8,1199.01,1162,1186.48,1186.48,2061309,0,1
9/4/2018,1204.27,1212.99,1192.5,1197,1197,1831045,0,1
8/31/2018,1234.98,1238.66,1211.29,1218.19,1218.19,1816426,0,1
8/30/2018,1244.23,1253.63,1232.59,1239.12,1239.12,1331439,0,1
8/29/2018,1237.45,1250.66,1236.36,1249.3,1249.3,1309312,0,1
8/28/2018,1241.29,1242.55,1228.69,1231.15,1231.15,1304007,0,1
8/27/2018,1227.6,1243.09,1225.72,1241.82,1241.82,1156255,0,1
8/24/2018,1208.82,1221.65,1206.36,1220.65,1220.65,946840,0,1
8/23/2018,1207.14,1221.28,1204.24,1205.38,1205.38,992604,0,1
8/22/2018,1200,1211.84,1199,1207.33,1207.33,887389,0,1
8/21/2018,1208,1217.26,1200.35,1201.62,1201.62,1205580,0,1
8/20/2018,1205.02,1211,1194.63,1207.77,1207.77,870772,0,1
8/17/2018,1202.03,1209.02,1188.24,1200.96,1200.96,1389645,0,1
8/16/2018,1224.73,1226,1202.55,1206.49,1206.49,1343161,0,1
8/15/2018,1229.26,1235.24,1209.51,1214.38,1214.38,1828814,0,1
8/14/2018,1235.19,1245.87,1225.11,1242.1,1242.1,1348194,0,1
8/13/2018,1236.98,1249.27,1233.64,1235.01,1235.01,997346,0,1
8/10/2018,1243,1245.69,1232,1237.61,1237.61,1108919,0,1
8/9/2018,1249.9,1255.54,1246.01,1249.1,1249.1,848601,0,1
8/8/2018,1240.47,1256.5,1238.01,1245.61,1245.61,1370913,0,1
8/7/2018,1237,1251.17,1236.17,1242.22,1242.22,1493980,0,1
8/6/2018,1225,1226.09,1215.8,1224.77,1224.77,1081723,0,1
8/3/2018,1229.62,1230,1215.06,1223.71,1223.71,1089896,0,1
8/2/2018,1205.9,1229.88,1204.79,1226.15,1226.15,1531299,0,1
8/1/2018,1228,1233.47,1210.21,1220.01,1220.01,1567264,0,1
7/31/2018,1220.01,1227.59,1205.6,1217.26,1217.26,1644722,0,1
7/30/2018,1228.01,1234.92,1211.47,1219.74,1219.74,1849904,0,1
7/27/2018,1271,1273.89,1231,1238.5,1238.5,2130558,0,1
7/26/2018,1251,1269.77,1249.02,1268.33,1268.33,2405638,0,1
7/25/2018,1239.13,1265.86,1239.13,1263.7,1263.7,2139999,0,1
7/24/2018,1262.59,1266,1235.56,1248.08,1248.08,3318204,0,1
7/23/2018,1181.01,1206.49,1181,1205.5,1205.5,2619234,0,1
7/20/2018,1186.96,1196.86,1184.22,1184.91,1184.91,1248400,0,1
7/19/2018,1191,1200,1183.32,1186.96,1186.96,1276667,0,1
7/18/2018,1196.56,1204.5,1190.34,1195.88,1195.88,1393606,0,1
7/17/2018,1172.22,1203.04,1170.6,1198.8,1198.8,1610353,0,1
7/16/2018,1189.39,1191,1179.28,1183.86,1183.86,1055662,0,1
7/13/2018,1185,1195.42,1180,1188.82,1188.82,1222072,0,1
7/12/2018,1159.89,1184.41,1155.93,1183.48,1183.48,1251884,0,1
7/11/2018,1144.59,1164.29,1141,1153.9,1153.9,1119993,0,1
7/10/2018,1156.98,1159.59,1149.59,1152.84,1152.84,798412,0,1
7/9/2018,1148.48,1154.67,1143.42,1154.05,1154.05,908969,0,1
7/6/2018,1123.58,1140.93,1120.74,1140.17,1140.17,996079,0,1
7/5/2018,1110.53,1127.5,1108.48,1124.27,1124.27,1066685,0,1
7/3/2018,1135.82,1135.82,1100.02,1102.89,1102.89,679034,0,1
7/2/2018,1099,1128,1093.8,1127.46,1127.46,1217311,0,1
6/29/2018,1120,1128.23,1115,1115.65,1115.65,1315121,0,1
6/28/2018,1102.09,1122.31,1096.01,1114.22,1114.22,1072438,0,1
6/27/2018,1121.34,1131.84,1103.62,1103.98,1103.98,1293892,0,1
6/26/2018,1128,1133.21,1116.66,1118.46,1118.46,1563225,0,1
6/25/2018,1143.6,1143.91,1112.78,1124.81,1124.81,2157310,0,1
6/22/2018,1159.14,1162.5,1147.26,1155.48,1155.48,1310967,0,1
6/21/2018,1174.85,1177.3,1152.23,1157.66,1157.66,1238118,0,1
6/20/2018,1175.31,1186.29,1169.16,1169.84,1169.84,1648536,0,1
6/19/2018,1158.5,1171.27,1154.01,1168.06,1168.06,1621018,0,1
6/18/2018,1143.65,1174.31,1143.59,1173.46,1173.46,1413692,0,1
6/15/2018,1148.86,1153.42,1143.48,1152.26,1152.26,2122476,0,1
6/14/2018,1143.85,1155.47,1140.64,1152.12,1152.12,1350868,0,1
6/13/2018,1141.12,1146.5,1133.38,1134.79,1134.79,1506407,0,1
6/12/2018,1131.07,1139.79,1130.73,1139.32,1139.32,912018,0,1
6/11/2018,1118.6,1137.26,1118.6,1129.99,1129.99,1079294,0,1
6/8/2018,1118.18,1126.67,1112.15,1120.87,1120.87,1290845,0,1
6/7/2018,1131.32,1135.82,1116.52,1123.86,1123.86,1520020,0,1
6/6/2018,1142.17,1143,1125.74,1136.88,1136.88,1698247,0,1
6/5/2018,1140.99,1145.74,1133.19,1139.66,1139.66,1677973,0,1
6/4/2018,1122.33,1141.89,1122.01,1139.29,1139.29,1889579,0,1
6/1/2018,1099.35,1120,1098.5,1119.5,1119.5,2421598,0,1
5/31/2018,1067.56,1097.19,1067.56,1084.99,1084.99,3088305,0,1
5/30/2018,1063.03,1069.21,1056.83,1067.8,1067.8,1138457,0,1
5/29/2018,1064.89,1073.37,1055.22,1060.32,1060.32,1865139,0,1
5/25/2018,1079.02,1082.56,1073.78,1075.66,1075.66,899406,0,1
5/24/2018,1079,1080.47,1066.15,1079.24,1079.24,766773,0,1
5/23/2018,1065.13,1080.78,1061.71,1079.69,1079.69,1060683,0,1
5/22/2018,1083.56,1086.59,1066.69,1069.73,1069.73,1090002,0,1
5/21/2018,1074.06,1088,1073.65,1079.58,1079.58,1023211,0,1
5/18/2018,1061.86,1069.94,1060.68,1066.36,1066.36,1565240,0,1
5/17/2018,1079.89,1086.87,1073.5,1078.59,1078.59,1043766,0,1
5/16/2018,1077.31,1089.27,1076.26,1081.77,1081.77,1097317,0,1
5/15/2018,1090,1090.05,1073.47,1079.23,1079.23,1494872,0,1
5/14/2018,1100,1110.75,1099.11,1100.2,1100.2,1518077,0,1
5/11/2018,1093.6,1101.33,1090.91,1098.26,1098.26,1253665,0,1
5/10/2018,1086.03,1100.44,1085.64,1097.57,1097.57,1443025,0,1
5/9/2018,1058.1,1085.44,1056.37,1082.76,1082.76,2032818,0,1
5/8/2018,1058.54,1060.55,1047.14,1053.91,1053.91,1217721,0,1
5/7/2018,1049.23,1061.68,1047.1,1054.79,1054.79,1466065,0,1
5/4/2018,1016.9,1048.51,1016.9,1048.21,1048.21,1938658,0,1
5/3/2018,1019,1029.67,1006.29,1023.72,1023.72,1815058,0,1
5/2/2018,1028.1,1040.39,1022.87,1024.38,1024.38,1603081,0,1
5/1/2018,1013.66,1038.47,1008.21,1037.31,1037.31,1427857,0,1
4/30/2018,1030.01,1037,1016.85,1017.33,1017.33,1671254,0,1
4/27/2018,1046,1049.5,1025.59,1030.05,1030.05,1619796,0,1
4/26/2018,1029.51,1047.98,1018.19,1040.04,1040.04,2079533,0,1
4/25/2018,1025.52,1032.49,1015.31,1021.18,1021.18,2391105,0,1
4/24/2018,1052,1057,1010.59,1019.98,1019.98,4760260,0,1
4/23/2018,1077.86,1082.72,1060.7,1067.45,1067.45,2341258,0,1
4/20/2018,1082,1092.35,1069.57,1072.96,1072.96,1889686,0,1
4/19/2018,1069.4,1094.16,1068.18,1087.7,1087.7,1747671,0,1
4/18/2018,1077.43,1077.43,1066.22,1072.08,1072.08,1344138,0,1
4/17/2018,1051.37,1077.88,1048.26,1074.16,1074.16,2320266,0,1
4/16/2018,1037,1043.24,1026.74,1037.98,1037.98,1211208,0,1
4/13/2018,1040.88,1046.42,1022.98,1029.27,1029.27,1223017,0,1
4/12/2018,1025.04,1040.69,1021.43,1032.51,1032.51,1359389,0,1
4/11/2018,1027.99,1031.36,1015.87,1019.97,1019.97,1483881,0,1
4/10/2018,1026.44,1036.28,1011.34,1031.64,1031.64,2029648,0,1
4/9/2018,1016.8,1039.6,1014.08,1015.45,1015.45,1751559,0,1
4/6/2018,1020,1031.42,1003.03,1007.04,1007.04,1746430,0,1
4/5/2018,1041.33,1042.79,1020.13,1027.81,1027.81,1363049,0,1
4/4/2018,993.41,1028.72,993,1025.14,1025.14,2484651,0,1
4/3/2018,1013.91,1020.99,994.07,1013.41,1013.41,2275076,0,1
4/2/2018,1022.82,1034.8,990.37,1006.47,1006.47,2680400,0,1
3/29/2018,1011.63,1043,1002.9,1031.79,1031.79,2726830,0,1
3/28/2018,998,1024.23,980.64,1004.56,1004.56,3369275,0,1
3/27/2018,1063,1064.84,996.92,1005.1,1005.1,3029471,0,1
3/26/2018,1046,1055.63,1008.4,1053.21,1053.21,2558385,0,1
3/23/2018,1047.03,1063.36,1021.22,1021.57,1021.57,2113497,0,1
3/22/2018,1081.88,1082.9,1045.91,1049.08,1049.08,2580374,0,1
3/21/2018,1092.74,1106.3,1085.15,1090.88,1090.88,1640709,0,1
3/20/2018,1099,1105.2,1083.46,1097.71,1097.71,1783872,0,1
3/19/2018,1120.01,1121.99,1089.01,1099.82,1099.82,2339506,0,1
3/16/2018,1154.14,1155.88,1131.96,1135.73,1135.73,2560277,0,1
3/15/2018,1149.96,1161.08,1134.54,1149.58,1149.58,1392521,0,1
3/14/2018,1145.21,1158.59,1141.44,1149.49,1149.49,1192615,0,1
3/13/2018,1170,1176.76,1133.33,1138.17,1138.17,1808098,0,1
3/12/2018,1163.85,1177.05,1157.42,1164.5,1164.5,2076306,0,1
3/9/2018,1136,1160.8,1132.46,1160.04,1160.04,2074952,0,1
3/8/2018,1115.32,1127.6,1112.8,1126,1126,1240299,0,1
3/7/2018,1089.19,1112.22,1085.48,1109.64,1109.64,1292537,0,1
3/6/2018,1099.22,1101.85,1089.78,1095.06,1095.06,1532783,0,1
3/5/2018,1075.14,1097.1,1069,1090.93,1090.93,1202174,0,1
3/2/2018,1053.08,1082,1048.12,1078.92,1078.92,2271551,0,1
3/1/2018,1107.87,1110.12,1067,1069.52,1069.52,2515910,0,1
2/28/2018,1123.03,1127.53,1103.24,1104.73,1104.73,1858051,0,1
2/27/2018,1141.24,1144.04,1118,1118.29,1118.29,1741578,0,1
2/26/2018,1127.8,1143.96,1126.69,1143.75,1143.75,1492380,0,1
2/23/2018,1112.64,1127.28,1104.71,1126.79,1126.79,1158377,0,1
2/22/2018,1116.19,1122.82,1102.59,1106.63,1106.63,1306276,0,1
2/21/2018,1106.47,1133.97,1106.33,1111.34,1111.34,1493162,0,1
2/20/2018,1090.57,1113.95,1088.52,1102.46,1102.46,1381603,0,1
2/16/2018,1088.41,1104.67,1088.31,1094.8,1094.8,1664969,0,1
2/15/2018,1079.07,1091.48,1064.34,1089.52,1089.52,1777694,0,1
2/14/2018,1048.95,1071.72,1046.75,1069.7,1069.7,1515444,0,1
2/13/2018,1045,1058.37,1044.09,1052.1,1052.1,1209341,0,1
2/12/2018,1048,1061.5,1040.93,1051.94,1051.94,2038875,0,1
2/9/2018,1017.25,1043.97,992.56,1037.78,1037.78,3267883,0,1
2/8/2018,1055.41,1058.62,1000.66,1001.52,1001.52,2720942,0,1
2/7/2018,1081.54,1081.78,1048.26,1048.58,1048.58,2331374,0,1
2/6/2018,1027.18,1081.71,1023.14,1080.6,1080.6,3360727,0,1
2/5/2018,1090.6,1110,1052.03,1055.8,1055.8,3336352,0,1
2/2/2018,1122,1123.07,1107.28,1111.9,1111.9,4758496,0,1
2/1/2018,1162.61,1174,1157.52,1167.7,1167.7,1974700,0,1
1/31/2018,1170.57,1173,1159.13,1169.94,1169.94,1486793,0,1
1/30/2018,1167.83,1176.52,1163.52,1163.69,1163.69,1400132,0,1
1/29/2018,1176.48,1186.89,1171.98,1175.58,1175.58,1299218,0,1
1/26/2018,1175.08,1175.84,1158.11,1175.84,1175.84,1825680,0,1
1/25/2018,1172.53,1175.94,1162.76,1170.37,1170.37,1326436,0,1
1/24/2018,1177.33,1179.86,1161.05,1164.24,1164.24,1351237,0,1
1/23/2018,1159.85,1171.63,1158.75,1169.97,1169.97,1199326,0,1
1/22/2018,1137.49,1159.88,1135.11,1155.81,1155.81,1582504,0,1
1/19/2018,1131.83,1137.86,1128.3,1137.51,1137.51,1361390,0,1
1/18/2018,1131.41,1132.51,1117.5,1129.79,1129.79,1148920,0,1
1/17/2018,1126.22,1132.6,1117.01,1131.98,1131.98,1146089,0,1
1/16/2018,1132.51,1139.91,1117.83,1121.76,1121.76,1539230,0,1
1/12/2018,1102.41,1124.29,1101.15,1122.26,1122.26,1701377,0,1
1/11/2018,1106.3,1106.53,1099.59,1105.52,1105.52,962696,0,1
1/10/2018,1097.1,1104.6,1096.11,1102.61,1102.61,1038917,0,1
1/9/2018,1109.4,1110.57,1101.23,1106.26,1106.26,897400,0,1
1/8/2018,1102.23,1111.27,1101.62,1106.94,1106.94,1003098,0,1
1/5/2018,1094,1104.25,1092,1102.23,1102.23,1210974,0,1
1/4/2018,1088,1093.57,1084,1086.4,1086.4,990510,0,1
1/3/2018,1064.31,1086.29,1063.21,1082.48,1082.48,1416093,0,1
1/2/2018,1048.34,1066.94,1045.23,1065,1065,1223114,0,1
12/29/2017,1046.72,1049.7,1044.9,1046.4,1046.4,867943,0,1
12/28/2017,1051.6,1054.75,1044.77,1048.14,1048.14,829623,0,1
12/27/2017,1057.39,1058.37,1048.05,1049.37,1049.37,1214775,0,1
12/26/2017,1058.07,1060.12,1050.2,1056.74,1056.74,756324,0,1
12/22/2017,1061.11,1064.2,1059.44,1060.12,1060.12,734566,0,1
12/21/2017,1064.95,1069.33,1061.79,1063.63,1063.63,974594,0,1
12/20/2017,1071.78,1073.38,1061.52,1064.95,1064.95,1266115,0,1
12/19/2017,1075.2,1076.84,1063.55,1070.68,1070.68,1254615,0,1
12/18/2017,1066.08,1078.49,1062,1077.14,1077.14,1531522,0,1
12/15/2017,1054.61,1067.62,1049.5,1064.19,1064.19,3142760,0,1
12/14/2017,1045,1058.5,1043.11,1049.15,1049.15,1545616,0,1
12/13/2017,1046.12,1046.66,1038.38,1040.61,1040.61,1207286,0,1
12/12/2017,1039.63,1050.31,1033.69,1040.48,1040.48,1269883,0,1
12/11/2017,1035.5,1043.8,1032.05,1041.1,1041.1,1119052,0,1
12/8/2017,1037.49,1042.05,1032.52,1037.05,1037.05,1277894,0,1
12/7/2017,1020.43,1034.24,1018.07,1030.93,1030.93,1387107,0,1
12/6/2017,1001.5,1024.97,1001.14,1018.38,1018.38,1254837,0,1
12/5/2017,995.94,1020.61,988.28,1005.15,1005.15,2023376,0,1
12/4/2017,1012.66,1016.1,995.57,998.68,998.68,1891408,0,1
12/1/2017,1015.8,1022.49,1002.02,1010.17,1010.17,1908944,0,1
11/30/2017,1022.37,1028.49,1015,1021.41,1021.41,1722913,0,1
11/29/2017,1042.68,1044.08,1015.65,1021.66,1021.66,2438875,0,1
11/28/2017,1055.09,1062.38,1040,1047.41,1047.41,1341000,0,1
11/27/2017,1040,1055.46,1038.44,1054.21,1054.21,1284354,0,1
11/24/2017,1035.87,1043.18,1035,1040.61,1040.61,536958,0,1
11/22/2017,1035,1039.706,1031.43,1035.96,1035.96,716661,0,1
11/21/2017,1023.31,1035.11,1022.655,1034.49,1034.49,1083715,0,1
11/20/2017,1020.26,1022.61,1017.5,1018.38,1018.38,894844,0,1
11/17/2017,1034.01,1034.42,1017.75,1019.09,1019.09,1350144,0,1
11/16/2017,1022.52,1035.92,1022.52,1032.5,1032.5,1129423,0,1
11/15/2017,1019.21,1024.09,1015.42,1020.91,1020.91,859951,0,1
11/14/2017,1022.59,1026.81,1014.15,1026,1026,947273,0,1
11/13/2017,1023.42,1031.58,1022.57,1025.75,1025.75,878969,0,1
11/10/2017,1026.46,1030.76,1025.28,1028.07,1028.07,719227,0,1
11/9/2017,1033.99,1033.99,1019.666,1031.26,1031.26,1236903,0,1
11/8/2017,1030.52,1043.522,1028.45,1039.85,1039.85,1088716,0,1
11/7/2017,1027.27,1033.97,1025.13,1033.33,1033.33,1089887,0,1
11/6/2017,1028.99,1034.87,1025,1025.9,1025.9,1119131,0,1
11/3/2017,1022.11,1032.65,1020.31,1032.48,1032.48,1058037,0,1
11/2/2017,1021.76,1028.09,1013.01,1025.58,1025.58,1008190,0,1
11/1/2017,1017.21,1029.67,1016.95,1025.5,1025.5,1360900,0,1
10/31/2017,1015.22,1024,1010.42,1016.64,1016.64,1324961,0,1
10/30/2017,1014,1024.97,1007.5,1017.11,1017.11,2074619,0,1
10/27/2017,1009.19,1048.39,1008.2,1019.27,1019.27,5125791,0,1
10/26/2017,980,987.6,972.2,972.56,972.56,1660850,0,1
10/25/2017,968.37,976.09,960.52,973.33,973.33,1162606,0,1
10/24/2017,970,972.23,961,970.54,970.54,1155231,0,1
10/23/2017,989.52,989.52,966.12,968.45,968.45,1431886,0,1
10/20/2017,989.44,991,984.58,988.2,988.2,1120038,0,1
10/19/2017,986,988.88,978.39,984.45,984.45,1282755,0,1
10/18/2017,991.77,996.72,986.975,992.81,992.81,1022521,0,1
10/17/2017,990.29,996.44,988.59,992.18,992.18,1266399,0,1
10/16/2017,992.1,993.907,984,992,992,900751,0,1
10/13/2017,992,997.21,989,989.68,989.68,1143907,0,1
10/12/2017,987.45,994.12,985,987.83,987.83,1259082,0,1
10/11/2017,973.72,990.71,972.25,989.25,989.25,1663731,0,1
10/10/2017,980,981.57,966.08,972.6,972.6,956419,0,1
10/9/2017,980,985.425,976.11,977,977,886700,0,1
10/6/2017,966.7,979.46,963.36,978.89,978.89,1142699,0,1
10/5/2017,955.49,970.91,955.18,969.96,969.96,1202101,0,1
10/4/2017,957,960.39,950.69,951.68,951.68,881380,0,1
10/3/2017,954,958,949.14,957.79,957.79,881562,0,1
10/2/2017,959.98,962.54,947.84,953.27,953.27,1222026,0,1
9/29/2017,952,959.786,951.51,959.11,959.11,1533133,0,1
9/28/2017,941.36,950.69,940.55,949.5,949.5,959648,0,1
9/27/2017,927.74,949.9,927.74,944.49,944.49,2202959,0,1
9/26/2017,923.72,930.82,921.14,924.86,924.86,1652848,0,1
9/25/2017,925.45,926.4,909.7,920.97,920.97,1822881,0,1
9/22/2017,927.75,934.73,926.48,928.53,928.53,1038551,0,1
9/21/2017,933,936.53,923.83,932.45,932.45,1207656,0,1
9/20/2017,922.98,933.88,922,931.58,931.58,1518166,0,1
9/19/2017,917.42,922.42,912.55,921.81,921.81,902415,0,1
9/18/2017,920.01,922.08,910.6,915,915,1263456,0,1
9/15/2017,924.66,926.49,916.36,920.29,920.29,2475031,0,1
9/14/2017,931.25,932.77,924,925.11,925.11,1389012,0,1
9/13/2017,930.66,937.25,929.86,935.09,935.09,1066051,0,1
9/12/2017,932.59,933.48,923.861,932.07,932.07,1120449,0,1
9/11/2017,934.25,938.38,926.92,929.08,929.08,1247138,0,1
9/8/2017,936.49,936.99,924.88,926.5,926.5,993832,0,1
9/7/2017,931.73,936.41,923.62,935.95,935.95,1200257,0,1
9/6/2017,930.15,930.915,919.27,927.81,927.81,1468808,0,1
9/5/2017,933.08,937,921.96,928.45,928.45,1202163,0,1
9/1/2017,941.13,942.48,935.15,937.34,937.34,913404,0,1
8/31/2017,931.76,941.98,931.76,939.33,939.33,1553301,0,1
8/30/2017,920.05,930.819,919.65,929.57,929.57,1282093,0,1
8/29/2017,905.1,923.33,905,921.29,921.29,1180160,0,1
8/28/2017,916,919.245,911.87,913.81,913.81,1072467,0,1
8/25/2017,923.49,925.555,915.5,915.89,915.89,1040693,0,1
8/24/2017,928.66,930.84,915.5,921.28,921.28,1218875,0,1
8/23/2017,921.93,929.93,919.36,927,927,1077809,0,1
8/22/2017,912.72,925.86,911.475,924.69,924.69,1145571,0,1
8/21/2017,910,913,903.4,906.66,906.66,932903,0,1
8/18/2017,910.31,915.275,907.154,910.67,910.67,1333572,0,1
8/17/2017,925.78,926.86,910.98,910.98,910.98,1218963,0,1
8/16/2017,925.29,932.7,923.445,926.96,926.96,988604,0,1
8/15/2017,924.23,926.55,919.82,922.22,922.22,873070,0,1
8/14/2017,922.53,924.668,918.19,922.67,922.67,1047828,0,1
8/11/2017,907.97,917.78,905.58,914.39,914.39,1190458,0,1
8/10/2017,917.55,919.26,906.13,907.24,907.24,1722296,0,1
8/9/2017,920.61,925.98,917.25,922.9,922.9,1169431,0,1
8/8/2017,927.09,935.814,925.61,926.79,926.79,1039394,0,1
8/7/2017,929.06,931.7,926.5,929.36,929.36,1012296,0,1
8/4/2017,926.75,930.307,923.03,927.96,927.96,1019159,0,1
8/3/2017,930.34,932.24,922.24,923.65,923.65,1179126,0,1
8/2/2017,928.61,932.6,916.68,930.39,930.39,1816343,0,1
8/1/2017,932.38,937.447,929.26,930.83,930.83,1211553,0,1
7/31/2017,941.89,943.59,926.04,930.5,930.5,1952716,0,1
7/28/2017,929.4,943.83,927.5,941.53,941.53,1775076,0,1
7/27/2017,951.78,951.78,920,934.09,934.09,3095263,0,1
7/26/2017,954.68,955,942.279,947.8,947.8,2056013,0,1
7/25/2017,953.81,959.7,945.4,950.7,950.7,4626086,0,1
7/24/2017,972.22,986.2,970.77,980.34,980.34,2634669,0,1
7/21/2017,962.25,973.23,960.15,972.92,972.92,1665103,0,1
7/20/2017,975,975.9,961.51,968.15,968.15,1577103,0,1
7/19/2017,967.84,973.04,964.03,970.89,970.89,1212814,0,1
7/18/2017,953,968.04,950.6,965.4,965.4,1131130,0,1
7/17/2017,957,960.74,949.241,953.42,953.42,1141026,0,1
7/14/2017,952,956.91,948.005,955.99,955.99,1017632,0,1
7/13/2017,946.29,954.45,943.01,947.16,947.16,1291782,0,1
7/12/2017,938.68,946.3,934.47,943.83,943.83,1505982,0,1
7/11/2017,929.54,931.43,922,930.09,930.09,1093281,0,1
7/10/2017,921.77,930.38,919.59,928.8,928.8,1189085,0,1
7/7/2017,908.85,921.54,908.85,918.59,918.59,1588034,0,1
7/6/2017,904.12,914.9444,899.7,906.69,906.69,1409533,0,1
7/5/2017,901.76,914.51,898.5,911.71,911.71,1743497,0,1
7/3/2017,912.18,913.94,894.79,898.7,898.7,1710189,0,1
6/30/2017,926.05,926.05,908.31,908.73,908.73,2035931,0,1
6/29/2017,929.92,931.26,910.62,917.79,917.79,3248393,0,1
6/28/2017,929,942.75,916,940.49,940.49,2712222,0,1
6/27/2017,942.46,948.29,926.85,927.33,927.33,2553771,0,1
6/26/2017,969.9,973.31,950.79,952.27,952.27,1581031,0,1
6/23/2017,956.83,966,954.2,965.59,965.59,1394008,0,1
6/22/2017,958.7,960.72,954.55,957.09,957.09,940373,0,1
6/21/2017,953.64,960.1,950.76,959.45,959.45,1192342,0,1
6/20/2017,957.52,961.62,950.01,950.63,950.63,1111840,0,1
6/19/2017,949.96,959.99,949.05,957.37,957.37,1494191,0,1
6/16/2017,940,942.04,931.595,939.78,939.78,2921393,0,1
6/15/2017,933.97,943.339,924.44,942.31,942.31,2055953,0,1
6/14/2017,959.92,961.15,942.25,950.76,950.76,1477033,0,1
6/13/2017,951.91,959.98,944.09,953.4,953.4,1995350,0,1
6/12/2017,939.56,949.355,915.233,942.9,942.9,3731589,0,1
6/9/2017,984.5,984.5,935.63,949.83,949.83,3270248,0,1
6/8/2017,982.35,984.57,977.2,983.41,983.41,1451232,0,1
6/7/2017,980,983.98,975.94,980.94,980.94,1429834,0,1
6/6/2017,983.16,988.25,975.14,976.57,976.57,1796904,0,1
6/5/2017,976.55,986.91,975.1,983.68,983.68,1221971,0,1
6/2/2017,969.46,975.88,966,975.6,975.6,1717212,0,1
6/1/2017,968.95,971.5,960.01,966.95,966.95,1403200,0,1
5/31/2017,975.02,979.27,960.18,964.86,964.86,2426589,0,1
5/30/2017,970.31,976.2,969.49,975.88,975.88,1455686,0,1
5/26/2017,969.7,974.98,965.03,971.47,971.47,1246186,0,1
5/25/2017,957.33,972.629,955.47,969.54,969.54,1645873,0,1
5/24/2017,952.98,955.09,949.5,954.96,954.96,990248,0,1
5/23/2017,947.92,951.467,942.575,948.82,948.82,1259285,0,1
5/22/2017,935,941.883,935,941.86,941.86,1092176,0,1
5/19/2017,931.47,937.755,931,934.01,934.01,1382221,0,1
5/18/2017,921,933.17,918.75,930.24,930.24,1586465,0,1
5/17/2017,935.67,939.333,918.14,919.62,919.62,2323389,0,1
5/16/2017,940,943.11,937.58,943,943,956692,0,1
5/15/2017,932.95,938.25,929.34,937.08,937.08,1094283,0,1
5/12/2017,931.53,933.44,927.85,932.22,932.22,1038409,0,1
5/11/2017,925.32,932.53,923.03,930.6,930.6,830838,0,1
5/10/2017,931.98,932,925.16,928.78,928.78,1170055,0,1
5/9/2017,936.95,937.5,929.53,932.17,932.17,1575628,0,1
5/8/2017,926.12,936.925,925.26,934.3,934.3,1319052,0,1
5/5/2017,933.54,934.9,925.2,927.13,927.13,1904731,0,1
5/4/2017,926.07,935.93,924.59,931.66,931.66,1405844,0,1
5/3/2017,914.86,928.1,912.543,927.04,927.04,1477329,0,1
5/2/2017,909.62,920.77,909.453,916.44,916.44,1520766,0,1
5/1/2017,901.94,915.68,901.45,912.57,912.57,2100457,0,1
4/28/2017,910.66,916.85,905.77,905.96,905.96,3160585,0,1
4/27/2017,873.6,875.4,870.38,874.25,874.25,1734197,0,1
4/26/2017,874.23,876.05,867.748,871.73,871.73,1188464,0,1
4/25/2017,865,875,862.81,872.3,872.3,1654161,0,1
4/24/2017,851.2,863.45,849.86,862.76,862.76,1371581,0,1
4/21/2017,842.88,843.88,840.6,843.19,843.19,1323583,0,1
4/20/2017,841.44,845.2,839.32,841.65,841.65,959031,0,1
4/19/2017,839.79,842.22,836.29,838.21,838.21,954330,0,1
4/18/2017,834.22,838.93,832.71,836.82,836.82,836722,0,1
4/17/2017,825.01,837.75,824.47,837.17,837.17,895015,0,1
4/13/2017,822.14,826.38,821.44,823.56,823.56,1122362,0,1
4/12/2017,821.93,826.66,821.02,824.32,824.32,900480,0,1
4/11/2017,824.71,827.427,817.02,823.35,823.35,1079732,0,1
4/10/2017,825.39,829.35,823.77,824.73,824.73,978905,0,1
4/7/2017,827.96,828.485,820.513,824.67,824.67,1056692,0,1
4/6/2017,832.4,836.39,826.46,827.88,827.88,1254433,0,1
4/5/2017,835.51,842.45,830.72,831.41,831.41,1555328,0,1
4/4/2017,831.36,835.18,829.036,834.57,834.57,1045363,0,1
4/3/2017,829.22,840.85,829.22,838.55,838.55,1671503,0,1
3/31/2017,828.97,831.64,827.39,829.56,829.56,1401893,0,1
3/30/2017,833.5,833.68,829,831.5,831.5,1055339,0,1
3/29/2017,825,832.765,822.3801,831.41,831.41,1786321,0,1
3/28/2017,820.41,825.99,814.027,820.92,820.92,1620542,0,1
3/27/2017,806.95,821.63,803.37,819.51,819.51,1894990,0,1
3/24/2017,820.08,821.93,808.89,814.43,814.43,1981006,0,1
3/23/2017,821,822.57,812.257,817.58,817.58,3487056,0,1
3/22/2017,831.91,835.55,827.1801,829.59,829.59,1401465,0,1
3/21/2017,851.4,853.5,829.02,830.46,830.46,2463484,0,1
3/20/2017,850.01,850.22,845.15,848.4,848.4,1231521,0,1
3/17/2017,851.61,853.4,847.11,852.12,852.12,1716471,0,1
3/16/2017,849.03,850.85,846.13,848.78,848.78,977560,0,1
3/15/2017,847.59,848.63,840.77,847.2,847.2,1381474,0,1
3/14/2017,843.64,847.24,840.8,845.62,845.62,780198,0,1
3/13/2017,844,848.685,843.25,845.54,845.54,1223647,0,1
3/10/2017,843.28,844.91,839.5,843.25,843.25,1704024,0,1
3/9/2017,836,842,834.21,838.68,838.68,1261517,0,1
3/8/2017,833.51,838.15,831.79,835.37,835.37,989773,0,1
3/7/2017,827.4,833.41,826.52,831.91,831.91,1037630,0,1
3/6/2017,826.95,828.88,822.4,827.78,827.78,1109037,0,1
3/3/2017,830.56,831.36,825.751,829.08,829.08,896378,0,1
3/2/2017,833.85,834.51,829.64,830.63,830.63,942476,0,1
3/1/2017,828.85,836.255,827.26,835.24,835.24,1496540,0,1
2/28/2017,825.61,828.54,820.2,823.21,823.21,2260769,0,1
2/27/2017,824.55,830.5,824,829.28,829.28,1101466,0,1
2/24/2017,827.73,829,824.2,828.64,828.64,1392202,0,1
2/23/2017,830.12,832.46,822.88,831.33,831.33,1472771,0,1
2/22/2017,828.66,833.25,828.64,830.76,830.76,987248,0,1
2/21/2017,828.66,833.45,828.35,831.66,831.66,1262337,0,1
2/17/2017,823.02,828.07,821.655,828.07,828.07,1611039,0,1
2/16/2017,819.93,824.4,818.98,824.16,824.16,1287626,0,1
2/15/2017,819.36,823,818.47,818.98,818.98,1313617,0,1
2/14/2017,819,823,816,820.45,820.45,1054732,0,1
2/13/2017,816,820.959,815.49,819.24,819.24,1213324,0,1
2/10/2017,811.7,815.25,809.78,813.67,813.67,1134976,0,1
2/9/2017,809.51,810.66,804.54,809.56,809.56,990391,0,1
2/8/2017,807,811.84,803.1903,808.38,808.38,1155990,0,1
2/7/2017,803.99,810.5,801.78,806.97,806.97,1241221,0,1
2/6/2017,799.7,801.67,795.2501,801.34,801.34,1184483,0,1
2/3/2017,802.99,806,800.37,801.49,801.49,1463448,0,1
2/2/2017,793.8,802.7,792,798.53,798.53,1532138,0,1
2/1/2017,799.68,801.19,791.19,795.695,795.695,2029744,0,1
1/31/2017,796.86,801.25,790.52,796.79,796.79,2160556,0,1
1/30/2017,814.66,815.84,799.8,802.32,802.32,3246573,0,1
1/27/2017,834.71,841.95,820.44,823.31,823.31,2965771,0,1
1/26/2017,837.81,838,827.01,832.15,832.15,2973891,0,1
1/25/2017,829.62,835.77,825.06,835.67,835.67,1627304,0,1
1/24/2017,822.3,825.9,817.821,823.87,823.87,1474010,0,1
1/23/2017,807.25,820.87,803.74,819.31,819.31,1963628,0,1
1/20/2017,806.91,806.91,801.69,805.02,805.02,1670045,0,1
1/19/2017,805.12,809.48,801.8,802.175,802.175,919325,0,1
1/18/2017,805.81,806.205,800.99,806.07,806.07,1294407,0,1
1/17/2017,807.08,807.14,800.37,804.61,804.61,1362115,0,1
1/13/2017,807.48,811.2244,806.69,807.88,807.88,1099215,0,1
1/12/2017,807.14,807.39,799.17,806.36,806.36,1353057,0,1
1/11/2017,805,808.15,801.37,807.91,807.91,1065936,0,1
1/10/2017,807.86,809.1299,803.51,804.79,804.79,1176780,0,1
1/9/2017,806.4,809.9664,802.83,806.65,806.65,1274645,0,1
1/6/2017,795.26,807.9,792.2041,806.15,806.15,1640170,0,1
1/5/2017,786.08,794.48,785.02,794.02,794.02,1335167,0,1
1/4/2017,788.36,791.34,783.16,786.9,786.9,1072958,0,1
1/3/2017,778.81,789.63,775.8,786.14,786.14,1657268,0,1
12/30/2016,782.75,782.78,770.41,771.82,771.82,1769950,0,1
12/29/2016,783.33,785.93,778.92,782.79,782.79,744272,0,1
12/28/2016,793.7,794.23,783.2,785.05,785.05,1153824,0,1
12/27/2016,790.68,797.86,787.657,791.55,791.55,789321,0,1
12/23/2016,790.9,792.74,787.28,789.91,789.91,623944,0,1
12/22/2016,792.36,793.32,788.58,791.26,791.26,972169,0,1
12/21/2016,795.84,796.6757,787.1,794.56,794.56,1211346,0,1
12/20/2016,796.76,798.65,793.27,796.42,796.42,951014,0,1
12/19/2016,790.22,797.66,786.27,794.2,794.2,1232087,0,1
12/16/2016,800.4,800.8558,790.29,790.8,790.8,2443796,0,1
12/15/2016,797.34,803,792.92,797.85,797.85,1626499,0,1
12/14/2016,797.4,804,794.01,797.07,797.07,1704150,0,1
12/13/2016,793.9,804.3799,793.34,796.1,796.1,2145209,0,1
12/12/2016,785.04,791.25,784.3554,789.27,789.27,2104117,0,1
12/9/2016,780,789.43,779.021,789.29,789.29,1821914,0,1
12/8/2016,772.48,778.18,767.23,776.42,776.42,1488059,0,1
12/7/2016,761,771.36,755.8,771.19,771.19,1760966,0,1
12/6/2016,764.73,768.83,757.34,759.11,759.11,1690689,0,1
12/5/2016,757.71,763.9,752.9,762.52,762.52,1394223,0,1
12/2/2016,744.59,754,743.1,750.5,750.5,1452484,0,1
12/1/2016,757.44,759.85,737.0245,747.92,747.92,3017947,0,1
11/30/2016,770.07,772.99,754.83,758.04,758.04,2392890,0,1
11/29/2016,771.53,778.5,768.24,770.84,770.84,1616618,0,1
11/28/2016,760,779.53,759.8,768.24,768.24,2188151,0,1
11/25/2016,764.26,765,760.52,761.68,761.68,587421,0,1
11/23/2016,767.73,768.2825,755.25,760.99,760.99,1478417,0,1
11/22/2016,772.63,776.96,767,768.27,768.27,1593108,0,1
11/21/2016,762.61,769.7,760.6,769.2,769.2,1330639,0,1
11/18/2016,771.37,775,760,760.54,760.54,1547145,0,1
11/17/2016,766.92,772.7,764.23,771.23,771.23,1304048,0,1
11/16/2016,755.2,766.36,750.51,764.48,764.48,1472594,0,1
11/15/2016,746.97,764.4162,746.97,758.49,758.49,2384001,0,1
11/14/2016,755.6,757.85,727.54,736.08,736.08,3654385,0,1
11/11/2016,756.54,760.78,750.38,754.02,754.02,2431815,0,1
11/10/2016,791.17,791.17,752.18,762.56,762.56,4745183,0,1
11/9/2016,779.94,791.2265,771.67,785.31,785.31,2607121,0,1
11/8/2016,783.4,795.633,780.19,790.51,790.51,1366873,0,1
11/7/2016,774.5,785.19,772.55,782.52,782.52,1585070,0,1
11/4/2016,750.66,770.36,750.5611,762.02,762.02,2134812,0,1
11/3/2016,767.25,769.95,759.03,762.13,762.13,1943175,0,1
11/2/2016,778.2,781.65,763.4496,768.7,768.7,1918414,0,1
11/1/2016,782.89,789.49,775.54,783.61,783.61,2406356,0,1
10/31/2016,795.47,796.86,784,784.54,784.54,2427284,0,1
10/28/2016,808.35,815.49,793.59,795.37,795.37,4269902,0,1
10/27/2016,801,803.49,791.5,795.35,795.35,2749221,0,1
10/26/2016,806.34,806.98,796.32,799.07,799.07,1647733,0,1
10/25/2016,816.68,816.68,805.14,807.67,807.67,1576404,0,1
10/24/2016,804.9,815.18,804.82,813.11,813.11,1697514,0,1
10/21/2016,795,799.5,794,799.37,799.37,1266181,0,1
10/20/2016,803.3,803.97,796.03,796.97,796.97,1757528,0,1
10/19/2016,798.86,804.63,797.635,801.56,801.56,1766798,0,1
10/18/2016,787.85,801.61,785.565,795.26,795.26,2056903,0,1
10/17/2016,779.8,785.85,777.5,779.96,779.96,1092973,0,1
10/14/2016,781.65,783.95,776,778.53,778.53,852487,0,1
10/13/2016,781.22,781.22,773,778.19,778.19,1365277,0,1
10/12/2016,783.76,788.13,782.06,786.14,786.14,937435,0,1
10/11/2016,786.66,792.28,780.58,783.07,783.07,1372461,0,1
10/10/2016,777.71,789.38,775.87,785.94,785.94,1174923,0,1
10/7/2016,779.66,779.66,770.75,775.08,775.08,933158,0,1
10/6/2016,779,780.48,775.54,776.86,776.86,1070692,0,1
10/5/2016,779.31,782.07,775.65,776.47,776.47,1461151,0,1
10/4/2016,776.03,778.71,772.89,776.43,776.43,1201350,0,1
10/3/2016,774.25,776.065,769.5,772.56,772.56,1278821,0,1
9/30/2016,776.33,780.94,774.09,777.29,777.29,1585333,0,1
9/29/2016,781.44,785.8,774.232,775.01,775.01,1314746,0,1
9/28/2016,777.85,781.81,774.97,781.56,781.56,1109834,0,1
9/27/2016,775.5,785.9899,774.308,783.01,783.01,1153247,0,1
9/26/2016,782.74,782.74,773.07,774.21,774.21,1533206,0,1
9/23/2016,786.59,788.93,784.15,786.9,786.9,1411937,0,1
9/22/2016,780,789.85,778.44,787.21,787.21,1486223,0,1
9/21/2016,772.66,777.16,768.301,776.22,776.22,1167810,0,1
9/20/2016,769,773.33,768.53,771.41,771.41,978631,0,1
9/19/2016,772.42,774,764.4406,765.7,765.7,1172824,0,1
9/16/2016,769.75,769.75,764.66,768.88,768.88,2049338,0,1
9/15/2016,762.89,773.8,759.96,771.76,771.76,1346751,0,1
9/14/2016,759.61,767.68,759.11,762.49,762.49,1094490,0,1
9/13/2016,764.48,766.2195,755.8,759.69,759.69,1395046,0,1
9/12/2016,755.13,770.29,754.0001,769.02,769.02,1310986,0,1
9/9/2016,770.1,773.245,759.66,759.66,759.66,1885496,0,1
9/8/2016,778.59,780.35,773.58,775.32,775.32,1270264,0,1
9/7/2016,780,782.73,776.2,780.35,780.35,894021,0,1
9/6/2016,773.45,782,771,780.08,780.08,1442822,0,1
9/2/2016,773.01,773.9199,768.41,771.46,771.46,1072658,0,1
9/1/2016,769.25,771.02,764.3,768.78,768.78,925131,0,1
8/31/2016,767.01,769.09,765.38,767.05,767.05,1248556,0,1
8/30/2016,769.33,774.466,766.84,769.09,769.09,1130029,0,1
8/29/2016,768.74,774.99,766.615,772.15,772.15,847565,0,1
8/26/2016,769,776.0799,765.85,769.54,769.54,1166681,0,1
8/25/2016,767,771.89,763.1846,769.41,769.41,926883,0,1
8/24/2016,770.58,774.5,767.07,769.64,769.64,1071999,0,1
8/23/2016,775.48,776.44,771.785,772.08,772.08,928232,0,1
8/22/2016,773.27,774.54,770.0502,772.15,772.15,951362,0,1
8/19/2016,775,777.1,773.13,775.42,775.42,861546,0,1
8/18/2016,780.01,782.86,777,777.5,777.5,719429,0,1
8/17/2016,777.32,780.81,773.53,779.91,779.91,924226,0,1
8/16/2016,780.3,780.98,773.444,777.14,777.14,1028047,0,1
8/15/2016,783.75,787.49,780.11,782.44,782.44,938186,0,1
8/12/2016,781.5,783.395,780.4,783.22,783.22,740498,0,1
8/11/2016,785,789.75,782.97,784.85,784.85,975113,0,1
8/10/2016,783.75,786.8123,782.778,784.68,784.68,786363,0,1
8/9/2016,781.1,788.94,780.57,784.26,784.26,1318894,0,1
8/8/2016,782,782.63,778.091,781.76,781.76,1107857,0,1
8/5/2016,773.78,783.04,772.34,782.22,782.22,1801205,0,1
8/4/2016,772.22,774.07,768.795,771.61,771.61,1140254,0,1
8/3/2016,767.18,773.21,766.82,773.18,773.18,1287421,0,1
8/2/2016,768.69,775.84,767.85,771.07,771.07,1784525,0,1
8/1/2016,761.09,780.43,761.09,772.88,772.88,2700470,0,1
7/29/2016,772.71,778.55,766.77,768.79,768.79,3841482,0,1
7/28/2016,747.04,748.65,739.3,745.91,745.91,3530169,0,1
7/27/2016,738.28,744.46,737,741.77,741.77,1512517,0,1
7/26/2016,739.04,741.69,734.27,738.42,738.42,1186738,0,1
7/25/2016,740.67,742.61,737.5,739.77,739.77,1032432,0,1
7/22/2016,741.86,743.24,736.56,742.74,742.74,1259823,0,1
7/21/2016,740.36,741.69,735.831,738.63,738.63,1026306,0,1
7/20/2016,737.33,742.13,737.1,741.19,741.19,1289671,0,1
7/19/2016,729.89,736.99,729,736.96,736.96,1227486,0,1
7/18/2016,722.71,736.13,721.19,733.78,733.78,1295476,0,1
7/15/2016,725.73,725.74,719.055,719.85,719.85,1279339,0,1
7/14/2016,721.58,722.21,718.03,720.95,720.95,950193,0,1
7/13/2016,723.62,724,716.85,716.98,716.98,935876,0,1
7/12/2016,719.12,722.94,715.91,720.64,720.64,1336921,0,1
7/11/2016,708.05,716.51,707.24,715.09,715.09,1111762,0,1
7/8/2016,699.5,705.71,696.435,705.63,705.63,1575166,0,1
7/7/2016,698.08,698.2,688.215,695.36,695.36,1304200,0,1
7/6/2016,689.98,701.68,689.09,697.77,697.77,1411925,0,1
7/5/2016,696.06,696.94,688.88,694.49,694.49,1462616,0,1
7/1/2016,692.2,700.65,692.1301,699.21,699.21,1344710,0,1
6/30/2016,685.47,692.32,683.65,692.1,692.1,1597714,0,1
6/29/2016,683,687.4292,681.41,684.11,684.11,1932561,0,1
6/28/2016,678.97,680.33,673,680.04,680.04,2173762,0,1
6/27/2016,671,672.3,663.284,668.26,668.26,2641085,0,1
6/24/2016,675.17,689.4,673.45,675.22,675.22,4449022,0,1
6/23/2016,697.45,701.95,687,701.87,701.87,2171415,0,1
6/22/2016,699.06,700.86,693.0819,697.46,697.46,1184318,0,1
6/21/2016,698.4,702.77,692.01,695.94,695.94,1465634,0,1
6/20/2016,698.77,702.48,693.41,693.71,693.71,2082538,0,1
6/17/2016,708.65,708.82,688.4515,691.72,691.72,3402357,0,1
6/16/2016,714.91,716.65,703.26,710.36,710.36,1982471,0,1
6/15/2016,719,722.98,717.31,718.92,718.92,1214517,0,1
6/14/2016,716.48,722.47,713.12,718.27,718.27,1306065,0,1
6/13/2016,716.51,725.44,716.51,718.36,718.36,1258930,0,1
6/10/2016,719.47,725.89,716.43,719.41,719.41,1216443,0,1
6/9/2016,722.87,729.54,722.3361,728.58,728.58,988914,0,1
6/8/2016,723.96,728.57,720.58,728.28,728.28,1583701,0,1
6/7/2016,719.84,721.98,716.55,716.65,716.65,1336754,0,1
6/6/2016,724.91,724.91,714.61,716.55,716.55,1566059,0,1
6/3/2016,729.27,729.49,720.56,722.34,722.34,1226253,0,1
6/2/2016,732.5,733.02,724.17,730.4,730.4,1341807,0,1
6/1/2016,734.53,737.21,730.66,734.15,734.15,1253593,0,1
5/31/2016,731.74,739.73,731.26,735.72,735.72,2129545,0,1
5/27/2016,724.01,733.936,724,732.66,732.66,1974962,0,1
5/26/2016,722.87,728.33,720.28,724.12,724.12,1576286,0,1
5/25/2016,720.76,727.51,719.7047,725.27,725.27,1632564,0,1
5/24/2016,706.86,720.97,706.86,720.09,720.09,1929467,0,1
5/23/2016,706.53,711.4781,704.18,704.24,704.24,1330692,0,1
5/20/2016,701.62,714.58,700.52,709.74,709.74,1828387,0,1
5/19/2016,702.36,706,696.8,700.32,700.32,1670234,0,1
5/18/2016,703.67,711.6,700.63,706.63,706.63,1766836,0,1
5/17/2016,715.99,721.52,704.11,706.23,706.23,2001225,0,1
5/16/2016,709.13,718.48,705.65,716.49,716.49,1317069,0,1
5/13/2016,711.93,716.6619,709.26,710.83,710.83,1314499,0,1
5/12/2016,717.06,719.25,709,713.31,713.31,1361332,0,1
5/11/2016,723.41,724.48,712.8,715.29,715.29,1692063,0,1
5/10/2016,716.75,723.5,715.72,723.18,723.18,1569591,0,1
5/9/2016,712,718.71,710,712.9,712.9,1510289,0,1
5/6/2016,698.38,711.86,698.1067,711.12,711.12,1829291,0,1
5/5/2016,697.7,702.3199,695.72,701.43,701.43,1683507,0,1
5/4/2016,690.49,699.75,689.01,695.7,695.7,1693525,0,1
5/3/2016,696.87,697.84,692,692.36,692.36,1543785,0,1
5/2/2016,697.63,700.64,691,698.21,698.21,1645265,0,1
4/29/2016,690.7,697.62,689,693.01,693.01,2487673,0,1
4/28/2016,708.26,714.17,689.55,691.02,691.02,2867255,0,1
4/27/2016,707.29,708.98,692.3651,705.84,705.84,3098587,0,1
4/26/2016,725.42,725.766,703.0264,708.14,708.14,2744587,0,1
4/25/2016,716.1,723.93,715.59,723.15,723.15,1959179,0,1
4/22/2016,726.3,736.12,713.61,718.77,718.77,5951938,0,1
4/21/2016,755.38,760.45,749.55,759.14,759.14,3060490,0,1
4/20/2016,758,758.1315,750.01,752.67,752.67,1529217,0,1
4/19/2016,769.51,769.9,749.33,753.93,753.93,2030526,0,1
4/18/2016,760.46,768.05,757.3,766.61,766.61,1558848,0,1
4/15/2016,753.98,761,752.6938,759,759,1809332,0,1
4/14/2016,754.01,757.31,752.705,753.2,753.2,1135271,0,1
4/13/2016,749.16,754.38,744.261,751.72,751.72,1707641,0,1
4/12/2016,738,743.83,731.01,743.09,743.09,1352992,0,1
4/11/2016,743.02,745,736.05,736.1,736.1,1220088,0,1
4/8/2016,743.97,745.45,735.55,739.15,739.15,1290787,0,1
4/7/2016,745.37,746.9999,736.28,740.28,740.28,1453185,0,1
4/6/2016,735.77,746.24,735.56,745.69,745.69,1053713,0,1
4/5/2016,738,742.8,735.37,737.8,737.8,1132294,0,1
4/4/2016,750.06,752.8,742.43,745.29,745.29,1134390,0,1
4/1/2016,738.6,750.34,737,749.91,749.91,1576745,0,1
3/31/2016,749.25,750.85,740.94,744.95,744.95,1718798,0,1
3/30/2016,750.1,757.88,748.74,750.53,750.53,1782427,0,1
3/29/2016,734.59,747.25,728.76,744.77,744.77,1903758,0,1
3/28/2016,736.79,738.99,732.5,733.53,733.53,1301327,0,1
3/24/2016,732.01,737.747,731,735.3,735.3,1594891,0,1
3/23/2016,742.36,745.7199,736.15,738.06,738.06,1432099,0,1
3/22/2016,737.46,745,737.46,740.75,740.75,1269749,0,1
3/21/2016,736.5,742.5,733.5157,742.09,742.09,1836503,0,1
3/18/2016,741.86,742,731.83,737.6,737.6,2980709,0,1
3/17/2016,736.45,743.07,736,737.78,737.78,1860834,0,1
3/16/2016,726.37,737.47,724.51,736.09,736.09,1624370,0,1
3/15/2016,726.92,732.29,724.77,728.33,728.33,1720965,0,1
3/14/2016,726.81,735.5,725.15,730.49,730.49,1718252,0,1
3/11/2016,720,726.92,717.125,726.82,726.82,1970815,0,1
3/10/2016,708.12,716.44,703.36,712.82,712.82,2833525,0,1
3/9/2016,698.47,705.68,694,705.24,705.24,1421515,0,1
3/8/2016,688.59,703.79,685.34,693.97,693.97,2058471,0,1
3/7/2016,706.9,708.0912,686.9,695.16,695.16,2988026,0,1
3/4/2016,714.99,716.49,706.02,710.89,710.89,1972077,0,1
3/3/2016,718.68,719.45,706.02,712.42,712.42,1957974,0,1
3/2/2016,719,720,712,718.85,718.85,1629003,0,1
3/1/2016,703.62,718.81,699.77,718.81,718.81,2151419,0,1
2/29/2016,700.32,710.89,697.68,697.77,697.77,2481145,0,1
2/26/2016,708.58,713.43,700.86,705.07,705.07,2243522,0,1
2/25/2016,700.01,705.98,690.585,705.75,705.75,1642166,0,1
2/24/2016,688.92,700,680.78,699.56,699.56,1963573,0,1
2/23/2016,701.45,708.4,693.58,695.85,695.85,2009280,0,1
2/22/2016,707.45,713.24,702.51,706.46,706.46,1949816,0,1
2/19/2016,695.03,703.0805,694.05,700.91,700.91,1589281,0,1
2/18/2016,710,712.35,696.03,697.35,697.35,1883248,0,1
2/17/2016,699,709.75,691.38,708.4,708.4,2492634,0,1
2/16/2016,692.98,698,685.05,691,691,2520021,0,1
2/12/2016,690.26,693.75,678.6,682.4,682.4,2141373,0,1
2/11/2016,675,689.35,668.8675,683.11,683.11,3024043,0,1
2/10/2016,686.86,701.31,682.13,684.12,684.12,2638007,0,1
2/9/2016,672.32,699.9,668.77,678.11,678.11,3608914,0,1
2/8/2016,667.85,684.03,663.06,682.74,682.74,4247355,0,1
2/5/2016,703.87,703.99,680.15,683.57,683.57,5105725,0,1
2/4/2016,722.81,727,701.86,708.01,708.01,5168709,0,1
2/3/2016,770.22,774.5,720.5,726.95,726.95,6171019,0,1
2/2/2016,784.5,789.8699,764.65,764.65,764.65,6348126,0,1
2/1/2016,750.46,757.86,743.27,752,752,5139157,0,1
1/29/2016,731.53,744.9899,726.8,742.95,742.95,3474319,0,1
1/28/2016,722.22,733.69,712.35,730.96,730.96,2676397,0,1
1/27/2016,713.67,718.235,694.39,699.99,699.99,2194227,0,1
1/26/2016,713.85,718.28,706.48,713.04,713.04,1331691,0,1
1/25/2016,723.58,729.68,710.01,711.67,711.67,1711716,0,1
1/22/2016,723.6,728.13,720.121,725.25,725.25,2011797,0,1
1/21/2016,702.18,719.19,694.46,706.59,706.59,2412211,0,1
1/20/2016,688.61,706.85,673.26,698.45,698.45,3444962,0,1
1/19/2016,703.3,709.98,693.4101,701.79,701.79,2268078,0,1
1/15/2016,692.29,706.74,685.37,694.45,694.45,3608109,0,1
1/14/2016,705.38,721.925,689.1,714.72,714.72,2225768,0,1
1/13/2016,730.85,734.74,698.61,700.56,700.56,2501730,0,1
1/12/2016,721.68,728.75,717.3165,726.07,726.07,2024509,0,1
1/11/2016,716.61,718.855,703.54,716.03,716.03,2090621,0,1
1/8/2016,731.45,733.23,713,714.47,714.47,2450857,0,1
1/7/2016,730.31,738.5,719.06,726.39,726.39,2963741,0,1
1/6/2016,730,747.18,728.92,743.62,743.62,1947034,0,1
1/5/2016,746.45,752,738.64,742.58,742.58,1950691,0,1
1/4/2016,743,744.06,731.2577,741.84,741.84,3272776,0,1
12/31/2015,769.5,769.5,758.34,758.88,758.88,1500923,0,1
12/30/2015,776.6,777.6,766.9,771,771,1293521,0,1
12/29/2015,766.69,779.98,766.43,776.6,776.6,1765012,0,1
12/28/2015,752.92,762.99,749.52,762.51,762.51,1515716,0,1
12/24/2015,749.55,751.35,746.62,748.4,748.4,527223,0,1
12/23/2015,753.47,754.21,744,750.31,750.31,1566726,0,1
12/22/2015,751.65,754.85,745.53,750,750,1365520,0,1
12/21/2015,746.13,750,740,747.77,747.77,1525703,0,1
12/18/2015,746.51,754.13,738.15,739.31,739.31,3148743,0,1
12/17/2015,762.42,762.68,749,749.43,749.43,1553418,0,1
12/16/2015,750,760.59,739.435,758.09,758.09,1993251,0,1
12/15/2015,753,758.08,743.01,743.4,743.4,2666229,0,1
12/14/2015,741.79,748.73,724.17,747.77,747.77,2421236,0,1
12/11/2015,741.16,745.71,736.75,738.87,738.87,2224410,0,1
12/10/2015,752.85,755.85,743.83,749.46,749.46,1988380,0,1
12/9/2015,759.17,764.23,737.001,751.61,751.61,2699990,0,1
12/8/2015,757.89,764.8,754.2,762.37,762.37,1829475,0,1
12/7/2015,767.77,768.73,755.09,763.25,763.25,1812314,0,1
12/4/2015,753.1,768.49,750,766.81,766.81,2757283,0,1
12/3/2015,766.01,768.995,745.63,752.54,752.54,2590641,0,1
12/2/2015,768.9,775.955,758.96,762.38,762.38,2230373,0,1
12/1/2015,747.11,768.95,746.7,767.04,767.04,2134621,0,1
11/30/2015,748.81,754.93,741.27,742.6,742.6,2097624,0,1
11/27/2015,748.46,753.41,747.49,750.26,750.26,838528,0,1
11/25/2015,748.14,752,746.06,748.15,748.15,1122224,0,1
11/24/2015,752,755.279,737.63,748.28,748.28,2334197,0,1
11/23/2015,757.45,762.7075,751.82,755.98,755.98,1415385,0,1
11/20/2015,746.53,757.92,743,756.6,756.6,2213284,0,1
11/19/2015,738.74,742,737.43,738.41,738.41,1327879,0,1
11/18/2015,727.58,741.41,727,740,740,1684259,0,1
11/17/2015,729.29,731.845,723.027,725.3,725.3,1506733,0,1
11/16/2015,715.6,729.49,711.33,728.96,728.96,1905893,0,1
11/13/2015,729.17,731.15,716.73,717,717,2075504,0,1
11/12/2015,731,737.8,728.645,731.23,731.23,1837154,0,1
11/11/2015,732.46,741,730.23,735.4,735.4,1366995,0,1
11/10/2015,724.4,730.59,718.5001,728.32,728.32,1607994,0,1
11/9/2015,730.2,734.71,719.43,724.89,724.89,2069807,0,1
11/6/2015,731.5,735.41,727.01,733.76,733.76,1511599,0,1
11/5/2015,729.47,739.48,729.47,731.25,731.25,1861550,0,1
11/4/2015,722,733.1,721.9,728.11,728.11,1706700,0,1
11/3/2015,718.86,724.65,714.72,722.16,722.16,1565379,0,1
11/2/2015,711.06,721.62,705.85,721.11,721.11,1886250,0,1
10/30/2015,715.73,718,710.05,710.81,710.81,1908774,0,1
10/29/2015,710.5,718.26,710.01,716.92,716.92,1455965,0,1
10/28/2015,707.33,712.98,703.08,712.95,712.95,2178917,0,1
10/27/2015,707.38,713.62,704.55,708.49,708.49,2245796,0,1
10/26/2015,701.55,719.15,701.26,712.78,712.78,2716615,0,1
10/23/2015,727.5,730,701.5,702,702,6653923,0,1
10/22/2015,646.7,657.8,644.01,651.79,651.79,4070954,0,1
10/21/2015,654.15,655.87,641.73,642.61,642.61,1794172,0,1
10/20/2015,664.04,664.7197,644.195,650.28,650.28,2498215,0,1
10/19/2015,661.18,666.82,659.58,666.1,666.1,1477340,0,1
10/16/2015,664.11,664.97,657.2,662.2,662.2,1611128,0,1
10/15/2015,654.66,663.13,654.46,661.74,661.74,1885737,0,1
10/14/2015,653.21,659.39,648.85,651.16,651.16,1415468,0,1
10/13/2015,643.15,657.8125,643.15,652.3,652.3,1807685,0,1
10/12/2015,642.09,648.5,639.01,646.67,646.67,1276134,0,1
10/9/2015,640,645.99,635.318,643.61,643.61,1648736,0,1
10/8/2015,641.36,644.45,625.56,639.16,639.16,2182081,0,1
10/7/2015,649.24,650.609,632.15,642.36,642.36,2092714,0,1
10/6/2015,638.84,649.25,636.5295,645.44,645.44,2236847,0,1
10/5/2015,632,643.01,627,641.47,641.47,1803643,0,1
10/2/2015,607.2,627.34,603.13,626.91,626.91,2684805,0,1
10/1/2015,608.37,612.09,599.85,611.29,611.29,1867601,0,1
9/30/2015,603.28,608.76,600.73,608.42,608.42,2332087,0,1
9/29/2015,597.28,605,590.22,594.97,594.97,2310284,0,1
9/28/2015,610.34,614.605,589.38,594.89,594.89,3110651,0,1
9/25/2015,629.77,629.77,611,611.97,611.97,2174009,0,1
9/24/2015,616.64,627.32,612.4,625.8,625.8,2240098,0,1
9/23/2015,622.05,628.93,620,622.36,622.36,1470949,0,1
9/22/2015,627,627.55,615.43,622.69,622.69,2562869,0,1
9/21/2015,634.4,636.49,625.94,635.44,635.44,1788506,0,1
9/18/2015,636.79,640,627.02,629.25,629.25,5133386,0,1
9/17/2015,637.79,650.9,635.02,642.9,642.9,2274690,0,1
9/16/2015,635.47,637.95,632.32,635.98,635.98,1286454,0,1
9/15/2015,626.7,638.7,623.78,635.14,635.14,2084397,0,1
9/14/2015,625.7,625.86,619.43,623.24,623.24,1702271,0,1
9/11/2015,619.75,625.78,617.42,625.77,625.77,1373545,0,1
9/10/2015,613.1,624.16,611.43,621.35,621.35,1905276,0,1
9/9/2015,621.22,626.52,609.6,612.72,612.72,1702094,0,1
9/8/2015,612.49,616.31,604.12,614.66,614.66,2279538,0,1
9/4/2015,600,603.47,595.25,600.7,600.7,2089453,0,1
9/3/2015,617,619.71,602.8213,606.25,606.25,1759572,0,1
9/2/2015,605.68,614.34,599.71,614.34,614.34,2575620,0,1
9/1/2015,602.36,612.86,594.1,597.79,597.79,3702105,0,1
8/31/2015,627.54,635.8,617.68,618.25,618.25,2176737,0,1
8/28/2015,632.82,636.88,624.56,630.38,630.38,1978733,0,1
8/27/2015,639.4,643.59,622,637.61,637.61,3491336,0,1
8/26/2015,610.35,631.71,599.05,628.62,628.62,4235891,0,1
8/25/2015,614.91,617.45,581.11,582.06,582.06,3537966,0,1
8/24/2015,573,614,565.05,589.61,589.61,5770302,0,1
8/21/2015,639.78,640.05,612.33,612.48,612.48,4265183,0,1
8/20/2015,655.46,662.99,642.9,646.83,646.83,2855299,0,1
8/19/2015,656.6,667,654.19,660.9,660.9,2134098,0,1
8/18/2015,661.9,664,653.46,656.13,656.13,1456059,0,1
8/17/2015,656.8,661.38,651.24,660.87,660.87,1051699,0,1
8/14/2015,655.01,659.855,652.66,657.12,657.12,1072061,0,1
8/13/2015,659.3225,664.5,651.661,656.45,656.45,1810749,0,1
8/12/2015,663.08,665,652.29,659.56,659.56,2940803,0,1
8/11/2015,669.2,674.9,654.27,660.78,660.78,5029203,0,1
8/10/2015,639.48,643.44,631.249,633.73,633.73,1809205,0,1
8/7/2015,640.23,642.68,629.71,635.3,635.3,1403865,0,1
8/6/2015,645,645.379,632.25,642.68,642.68,1572600,0,1
8/5/2015,634.33,647.86,633.16,643.78,643.78,2008659,0,1
8/4/2015,628.42,634.81,627.16,629.25,629.25,1490881,0,1
8/3/2015,625.34,633.0556,625.34,631.21,631.21,1304511,0,1
7/31/2015,631.38,632.91,625.5,625.61,625.61,1706149,0,1
7/30/2015,630,635.22,622.05,632.59,632.59,1474203,0,1
7/29/2015,628.8,633.36,622.65,631.93,631.93,1575069,0,1
7/28/2015,632.83,632.83,623.31,628,628,1727327,0,1
7/27/2015,621,634.3,620.5,627.26,627.26,2675381,0,1
7/24/2015,647,648.17,622.52,623.56,623.56,3625747,0,1
7/23/2015,661.27,663.63,641,644.28,644.28,3029109,0,1
7/22/2015,660.89,678.64,659,662.1,662.1,3929309,0,1
7/21/2015,655.21,673,654.3,662.3,662.3,3377196,0,1
7/20/2015,659.24,668.88,653.01,663.02,663.02,5860872,0,1
7/17/2015,649,674.468,645,672.93,672.93,11164943,0,1
7/16/2015,565.12,580.68,565,579.85,579.85,4768318,0,1
7/15/2015,560.13,566.5029,556.79,560.22,560.22,1784554,0,1
7/14/2015,546.76,565.8487,546.71,561.1,561.1,3244066,0,1
7/13/2015,532.88,547.11,532.4001,546.55,546.55,2206475,0,1
7/10/2015,526.29,532.56,525.55,530.13,530.13,1956682,0,1
7/9/2015,523.12,523.77,520.35,520.68,520.68,1842347,0,1
7/8/2015,521.05,522.734,516.11,516.83,516.83,1296699,0,1
7/7/2015,523.13,526.18,515.18,525.02,525.02,1597229,0,1
7/6/2015,519.5,525.25,519,522.86,522.86,1280525,0,1
7/2/2015,521.08,524.65,521.08,523.4,523.4,1235903,0,1
7/1/2015,524.73,525.69,518.2305,521.84,521.84,1961354,0,1
6/30/2015,526.02,526.25,520.5,520.51,520.51,2235595,0,1
6/29/2015,525.01,528.61,520.54,521.52,521.52,1937821,0,1
6/26/2015,537.26,537.76,531.35,531.69,531.69,2109130,0,1
6/25/2015,538.87,540.9,535.23,535.23,535.23,1335697,0,1
6/24/2015,540,540,535.66,537.84,537.84,1286608,0,1
6/23/2015,539.64,541.499,535.25,540.48,540.48,1197450,0,1
6/22/2015,539.59,543.74,537.53,538.19,538.19,1250282,0,1
6/19/2015,537.21,538.25,533.01,536.69,536.69,1893497,0,1
6/18/2015,531,538.15,530.79,536.73,536.73,1833109,0,1
6/17/2015,529.37,530.98,525.1,529.26,529.26,1294216,0,1
6/16/2015,528.4,529.6399,525.56,528.15,528.15,1071814,0,1
6/15/2015,528,528.3,524,527.2,527.2,1632702,0,1
6/12/2015,531.6,533.12,530.16,532.33,532.33,955789,0,1
6/11/2015,538.425,538.98,533.02,534.61,534.61,1217536,0,1
6/10/2015,529.36,538.36,529.35,536.69,536.69,1814958,0,1
6/9/2015,527.56,529.2,523.01,526.69,526.69,1455266,0,1
6/8/2015,533.31,534.12,526.24,526.83,526.83,1524139,0,1
6/5/2015,536.35,537.2,532.52,533.33,533.33,1388220,0,1
6/4/2015,537.76,540.59,534.32,536.7,536.7,1348337,0,1
6/3/2015,539.91,543.5,537.11,540.31,540.31,1717036,0,1
6/2/2015,532.93,543,531.33,539.18,539.18,1938989,0,1
6/1/2015,536.79,536.79,529.76,533.99,533.99,1904332,0,1
5/29/2015,537.37,538.63,531.45,532.11,532.11,2597407,0,1
5/28/2015,538.01,540.61,536.25,539.78,539.78,1029849,0,1
5/27/2015,532.8,540.55,531.71,539.79,539.79,1525019,0,1
5/26/2015,538.12,539,529.88,532.32,532.32,2406512,0,1
5/22/2015,540.15,544.19,539.51,540.11,540.11,1176214,0,1
5/21/2015,537.95,543.8399,535.98,542.51,542.51,1462695,0,1
5/20/2015,538.49,542.92,532.972,539.27,539.27,1430826,0,1
5/19/2015,533.98,540.66,533.04,537.36,537.36,1966947,0,1
5/18/2015,532.01,534.82,528.85,532.3,532.3,2003421,0,1
5/15/2015,539.18,539.2743,530.38,533.85,533.85,1971343,0,1
5/14/2015,533.77,539,532.41,538.4,538.4,1403935,0,1
5/13/2015,530.56,534.3215,528.655,529.62,529.62,1253063,0,1
5/12/2015,531.6,533.2089,525.26,529.04,529.04,1634174,0,1
5/11/2015,538.37,541.98,535.4,535.7,535.7,905285,0,1
5/8/2015,536.65,541.15,536,538.22,538.22,1527615,0,1
5/7/2015,523.99,533.46,521.75,530.7,530.7,1546278,0,1
5/6/2015,531.24,532.38,521.085,524.22,524.22,1566987,0,1
5/5/2015,538.21,539.74,530.3906,530.8,530.8,1383068,0,1
5/4/2015,538.53,544.07,535.06,540.78,540.78,1307960,0,1
5/1/2015,538.43,539.54,532.1,537.9,537.9,1768181,0,1
4/30/2015,547.87,548.59,535.05,537.34,537.34,2082214,0,1
4/29/2015,550.47,553.68,546.905,549.08,549.08,1698761,0,1
4/28/2015,554.64,556.02,550.366,553.68,553.68,1490983,0,1
4/27/2015,563.39,565.95,553.2001,555.37,555.37,2398039,0,1
4/24/2015,566.1,571.14,557.25,565.06,565.06,4919031,0,1
4/23/2015,541,550.96,540.23,547,547,4173376,0,1
4/22/2015,534.4,541.08,531.75,539.365,539.365,1589248,0,1
4/21/2015,537.51,539.39,533.675,533.97,533.97,1839668,0,1
4/20/2015,525.6,536.09,524.5,535.38,535.38,1675487,0,1
4/17/2015,528.66,529.84,521.01,524.05,524.05,2145955,0,1
4/16/2015,529.9,535.59,529.61,533.8,533.8,1296304,0,1
4/15/2015,528.7,534.73,523.22,532.53,532.53,2312512,0,1
4/14/2015,536.25,537.5699,528.0925,530.39,530.39,2597043,0,1
4/13/2015,538.41,544.06,537.31,539.17,539.17,1640809,0,1
4/10/2015,542.29,542.29,537.31,540.01,540.01,1405574,0,1
4/9/2015,541.03,541.95,535.49,540.78,540.78,1553586,0,1
4/8/2015,538.38,543.85,538.38,541.61,541.61,1175332,0,1
4/7/2015,538.08,542.69,536,537.02,537.02,1299298,0,1
4/6/2015,532.22,538.41,529.57,536.765,536.765,1320767,0,1
4/2/2015,540.85,540.85,533.8467,535.53,535.53,1711737,0,1
4/1/2015,548.6,551.14,539.5,542.56,542.56,1957718,0,1
3/31/2015,550,554.71,546.72,548,548,1583677,0,1
3/30/2015,551.62,553.47,548.17,552.03,552.03,1283958,0,1
3/27/2015,553,555.28,548.13,548.34,548.34,1892323,0,1
3/26/2015,557.59,558.9,550.65,555.17,555.17,1568331,0,1
3/25/2015,570.5,572.26,558.74,558.785,558.785,2146384,0,1
3/24/2015,562.56,574.59,561.21,570.19,570.19,2576234,0,1
3/23/2015,560.43,562.36,555.83,558.81,558.81,1639306,0,1
3/20/2015,561.65,561.72,559.05,560.36,560.36,2609690,0,1
3/19/2015,559.39,560.8,556.145,557.99,557.99,1194049,0,1
3/18/2015,552.5,559.78,547.0001,559.5,559.5,2128714,0,1
3/17/2015,551.71,553.8,548,550.84,550.84,1800570,0,1
3/16/2015,550.95,556.85,546,554.51,554.51,1636493,0,1
3/13/2015,553.5,558.4,544.22,547.32,547.32,1698872,0,1
3/12/2015,553.51,556.37,550.46,555.51,555.51,1385772,0,1
3/11/2015,555.14,558.14,550.68,551.18,551.18,1815763,0,1
3/10/2015,564.25,564.85,554.73,555.01,555.01,1787357,0,1
3/9/2015,566.86,570.27,563.535,568.85,568.85,1059336,0,1
3/6/2015,574.88,576.6799,566.76,567.685,567.685,1654561,0,1
3/5/2015,575.02,577.91,573.41,575.33,575.33,1385818,0,1
3/4/2015,571.87,577.11,568.01,573.37,573.37,1871694,0,1
3/3/2015,570.45,575.39,566.52,573.64,573.64,1700084,0,1
3/2/2015,560.53,572.15,558.75,571.34,571.34,2123796,0,1
2/27/2015,554.24,564.71,552.9,558.4,558.4,2403553,0,1
2/26/2015,543.21,556.14,541.5,555.48,555.48,2305219,0,1
2/25/2015,535.9,546.22,535.445,543.87,543.87,1821041,0,1
2/24/2015,530,536.79,528.25,536.09,536.09,1002393,0,1
2/23/2015,536.05,536.439,529.41,531.91,531.91,1453907,0,1
2/20/2015,543.13,543.75,535.8,538.95,538.95,1441212,0,1
2/19/2015,538.04,543.11,538.01,542.87,542.87,987478,0,1
2/18/2015,541.4,545.49,537.51,539.7,539.7,1449089,0,1
2/17/2015,546.83,550,541.09,542.84,542.84,1612439,0,1
2/13/2015,543.35,549.91,543.13,549.01,549.01,1895126,0,1
2/12/2015,537.25,544.82,534.673,542.93,542.93,1615824,0,1
2/11/2015,535.3,538.45,533.3775,535.97,535.97,1373970,0,1
2/10/2015,529.3,537.7,526.92,536.94,536.94,1745076,0,1
2/9/2015,528,532,526.02,527.83,527.83,1264276,0,1
2/6/2015,527.64,537.2,526.41,531,531,1758650,0,1
2/5/2015,523.79,528.5,522.09,527.58,527.58,1844687,0,1
2/4/2015,529.24,532.6715,521.27,522.76,522.76,1659125,0,1
2/3/2015,528,533.4,523.26,529.24,529.24,2033085,0,1
2/2/2015,531.73,533,518.55,528.48,528.48,2841976,0,1
1/30/2015,515.86,539.87,515.52,534.52,534.52,5590977,0,1
1/29/2015,511,511.09,501.2,510.66,510.66,4174924,0,1
1/28/2015,522.78,522.99,510,510,510,1679230,0,1
1/27/2015,529.97,530.7,518.19,518.63,518.63,1898844,0,1
1/26/2015,538.53,539,529.67,535.21,535.21,1539524,0,1
1/23/2015,535.59,542.17,533,539.95,539.95,2275485,0,1
1/22/2015,521.48,536.33,519.7,534.39,534.39,2669558,0,1
1/21/2015,507.25,519.28,506.2,518.04,518.04,2262455,0,1
1/20/2015,511,512.5,506.016,506.9,506.9,2225922,0,1
1/16/2015,500.01,508.19,500,508.08,508.08,2292043,0,1
1/15/2015,505.57,505.68,497.76,501.79,501.79,2711355,0,1
1/14/2015,494.65,503.23,493,500.87,500.87,2229638,0,1
1/13/2015,498.84,502.98,492.39,496.18,496.18,2365687,0,1
1/12/2015,494.94,495.976,487.56,492.55,492.55,2320446,0,1
1/9/2015,504.76,504.92,494.79,496.17,496.17,2054956,0,1
1/8/2015,497.99,503.48,491,502.68,502.68,3344395,0,1
1/7/2015,507,507.244,499.65,501.1,501.1,2059366,0,1
1/6/2015,515,516.175,501.05,501.96,501.96,2891950,0,1
1/5/2015,523.26,524.33,513.06,513.87,513.87,2054238,0,1
1/2/2015,529.01,531.27,524.1,524.81,524.81,1446662,0,1
12/31/2014,531.25,532.6,525.8,526.4,526.4,1371819,0,1
12/30/2014,528.09,531.15,527.13,530.42,530.42,873923,0,1
12/29/2014,532.19,535.48,530.011,530.33,530.33,2276104,0,1
12/26/2014,528.77,534.25,527.31,534.03,534.03,1037727,0,1
12/24/2014,530.51,531.759,527.02,528.77,528.77,704035,0,1
12/23/2014,527,534.56,526.29,530.59,530.59,2191567,0,1
12/22/2014,516.08,526.46,516.08,524.87,524.87,2723599,0,1
12/19/2014,511.51,517.72,506.9106,516.35,516.35,3680148,0,1
12/18/2014,512.95,513.87,504.7,511.1,511.1,2918730,0,1
12/17/2014,497,507,496.81,504.89,504.89,2875281,0,1
12/16/2014,511.56,513.05,489,495.39,495.39,3953371,0,1
12/15/2014,522.74,523.1,513.27,513.8,513.8,2812786,0,1
12/12/2014,523.51,528.5,518.66,518.66,518.66,1989117,0,1
12/11/2014,527.8,533.92,527.1,528.34,528.34,1610964,0,1
12/10/2014,533.08,536.33,525.56,526.06,526.06,1716835,0,1
12/9/2014,522.14,534.19,520.5,533.37,533.37,1871268,0,1
12/8/2014,527.13,531,523.79,526.98,526.98,2327127,0,1
12/5/2014,531,532.89,524.28,525.26,525.26,2558649,0,1
12/4/2014,531.16,537.34,528.59,537.31,537.31,1392208,0,1
12/3/2014,531.44,535.996,529.26,531.32,531.32,1279288,0,1
12/2/2014,533.51,535.5,529.8,533.75,533.75,1522481,0,1
12/1/2014,538.9,541.41,531.86,533.8,533.8,2109599,0,1
11/28/2014,540.62,542,536.6,541.83,541.83,1145231,0,1
11/26/2014,540.88,541.55,537.042,540.37,540.37,1519503,0,1
11/25/2014,539,543.98,538.602,541.08,541.08,1784967,0,1
11/24/2014,537.65,542.7,535.62,539.27,539.27,1701682,0,1
11/21/2014,541.61,542.14,536.56,537.5,537.5,2218249,0,1
11/20/2014,531.25,535.11,531.08,534.83,534.83,1559131,0,1
11/19/2014,535,538.24,530.08,536.99,536.99,1388440,0,1
11/18/2014,537.5,541.94,534.17,535.03,535.03,1957664,0,1
11/17/2014,543.58,543.79,534.061,536.51,536.51,1721282,0,1
11/14/2014,546.68,546.68,542.15,544.4,544.4,1285991,0,1
11/13/2014,549.8,549.8,543.48,545.38,545.38,1335719,0,1
11/12/2014,550.39,550.46,545.17,547.31,547.31,1126594,0,1
11/11/2014,548.49,551.9399,546.3,550.29,550.29,964866,0,1
11/10/2014,541.46,549.59,541.02,547.49,547.49,1131546,0,1
11/7/2014,546.21,546.21,538.67,541.01,541.01,1629259,0,1
11/6/2014,545.5,546.885,540.97,542.04,542.04,1329604,0,1
11/5/2014,556.8,556.8,544.05,545.92,545.92,2026740,0,1
11/4/2014,553,555.5,549.3,554.11,554.11,1240761,0,1
11/3/2014,555.5,557.9,553.23,555.22,555.22,1378511,0,1
10/31/2014,559.35,559.57,554.75,559.08,559.08,2032887,0,1
10/30/2014,548.95,552.8,543.51,550.31,550.31,1451667,0,1
10/29/2014,550,554.19,546.98,549.33,549.33,1767107,0,1
10/28/2014,543,548.98,541.62,548.9,548.9,1273372,0,1
10/27/2014,537.03,544.41,537.03,540.77,540.77,1184973,0,1
10/24/2014,544.36,544.88,535.79,539.78,539.78,1972047,0,1
10/23/2014,539.32,547.22,535.85,543.98,543.98,2345296,0,1
10/22/2014,529.89,539.8,528.8,532.71,532.71,2917183,0,1
10/21/2014,525.19,526.79,519.11,526.54,526.54,2332531,0,1
10/20/2014,509.45,521.76,508.1,520.84,520.84,2605505,0,1
10/17/2014,527.25,530.98,508.53,511.17,511.17,5530674,0,1
10/16/2014,519,529.43,515,524.51,524.51,3698423,0,1
10/15/2014,531.01,532.8,518.3,530.03,530.03,3712536,0,1
10/14/2014,538.9,547.19,533.1695,537.94,537.94,2217230,0,1
10/13/2014,544.99,549.5,533.1,533.21,533.21,2578676,0,1
10/10/2014,557.72,565.1299,544.05,544.49,544.49,3078634,0,1
10/9/2014,571.18,571.49,559.06,560.88,560.88,2519693,0,1
10/8/2014,565.57,573.88,557.49,572.5,572.5,1987888,0,1
10/7/2014,574.4,575.27,563.74,563.74,563.74,1906427,0,1
10/6/2014,578.8,581,574.44,577.35,577.35,1211320,0,1
10/3/2014,573.05,577.225,572.5,575.28,575.28,1138636,0,1
10/2/2014,567.31,571.91,563.32,570.08,570.08,1175307,0,1
10/1/2014,576.01,577.5799,567.01,568.27,568.27,1445027,0,1
9/30/2014,576.93,579.85,572.85,577.36,577.36,1618437,0,1
9/29/2014,571.75,578.19,571.17,576.36,576.36,1281204,0,1
9/26/2014,576.06,579.25,574.66,577.1,577.1,1439807,0,1
9/25/2014,587.55,587.98,574.18,575.06,575.06,1915643,0,1
9/24/2014,581.46,589.63,580.52,587.99,587.99,1721085,0,1
9/23/2014,586.85,586.85,581,581.13,581.13,1467400,0,1
9/22/2014,593.82,593.949,583.46,587.37,587.37,1684900,0,1
9/19/2014,591.5,596.48,589.5,596.08,596.08,3726400,0,1
9/18/2014,587,589.54,585,589.27,589.27,1440600,0,1
9/17/2014,580.01,587.5199,578.775,584.77,584.77,1688200,0,1
9/16/2014,572.76,581.5,572.66,579.95,579.95,1476300,0,1
9/15/2014,572.94,574.95,568.21,573.1,573.1,1593200,0,1
9/12/2014,581,581.64,574.46,575.62,575.62,1597300,0,1
9/11/2014,580.36,581.81,576.26,581.35,581.35,1217700,0,1
9/10/2014,581.5,583.5,576.94,583.1,583.1,974700,0,1
9/9/2014,588.9,589,580,581.01,581.01,1283700,0,1
9/8/2014,586.6,591.77,586.3,589.72,589.72,1427100,0,1
9/5/2014,583.98,586.55,581.95,586.08,586.08,1627900,0,1
9/4/2014,580,586,579.22,581.98,581.98,1454200,0,1
9/3/2014,580,582.99,575,577.94,577.94,1211800,0,1
9/2/2014,571.85,577.83,571.19,577.33,577.33,1574100,0,1
8/29/2014,571.33,572.04,567.0692,571.6,571.6,1080800,0,1
8/28/2014,569.56,573.25,567.1,569.2,569.2,1289400,0,1
8/27/2014,577.27,578.49,570.103,571,571,1698700,0,1
8/26/2014,581.26,581.8,576.58,577.86,577.86,1635200,0,1
8/25/2014,584.72,585,579,580.2,580.2,1357700,0,1
8/22/2014,583.59,585.236,580.64,582.56,582.56,786900,0,1
8/21/2014,583.82,584.5,581.14,583.37,583.37,912300,0,1
8/20/2014,585.88,586.7,582.57,584.49,584.49,1033900,0,1
8/19/2014,585,587.34,584,586.86,586.86,976000,0,1
8/18/2014,576.11,584.51,576,582.16,582.16,1280600,0,1
8/15/2014,577.86,579.38,570.52,573.48,573.48,1515000,0,1
8/14/2014,576.18,577.9,570.88,574.65,574.65,982800,0,1
8/13/2014,567.31,575,565.75,574.78,574.78,1437900,0,1
8/12/2014,564.52,565.9,560.88,562.73,562.73,1537800,0,1
8/11/2014,569.99,570.49,566,567.88,567.88,1211400,0,1
8/8/2014,563.56,570.25,560.35,568.77,568.77,1490700,0,1
8/7/2014,568,569.89,561.1,563.36,563.36,1107900,0,1
8/6/2014,561.78,570.7,560,566.374,566.374,1330700,0,1
8/5/2014,570.05,571.98,562.61,565.07,565.07,1547000,0,1
8/4/2014,569.04,575.35,564.1,573.15,573.15,1423400,0,1
8/1/2014,570.4,575.9599,562.85,566.07,566.07,1949900,0,1
7/31/2014,580.6,583.6499,570,571.6,571.6,2097000,0,1
7/30/2014,586.55,589.5,584,587.42,587.42,1013700,0,1
7/29/2014,588.75,589.7,583.515,585.61,585.61,1346200,0,1
7/28/2014,588.07,592.5,584.7533,590.6,590.6,984100,0,1
7/25/2014,590.4,591.86,587.03,589.02,589.02,929900,0,1
7/24/2014,596.45,599.5,591.77,593.35,593.35,1032300,0,1
7/23/2014,593.23,597.85,592.5,595.98,595.98,1229800,0,1
7/22/2014,590.72,599.65,590.6,594.74,594.74,1694500,0,1
7/21/2014,591.75,594.4,585.2326,589.47,589.47,2056500,0,1
7/18/2014,593,596.8,582,595.08,595.08,4003200,0,1
7/17/2014,579.53,580.99,568.61,573.7299,573.7299,3008300,0,1
7/16/2014,588,588.4,582.2,582.66,582.66,1393300,0,1
7/15/2014,585.74,585.8045,576.56,584.78,584.78,1618600,0,1
7/14/2014,582.6,585.21,578.03,584.87,584.87,1849000,0,1
7/11/2014,571.91,580.85,571.42,579.18,579.18,1617300,0,1
7/10/2014,565.91,576.59,565.01,571.1,571.1,1353000,0,1
7/9/2014,571.58,576.72,569.376,576.08,576.08,1113700,0,1
7/8/2014,577.66,579.5284,566.135,571.09,571.09,1904300,0,1
7/7/2014,583.76,586.4299,579.59,582.25,582.25,1061700,0,1
7/3/2014,583.35,585.01,580.92,584.73,584.73,712200,0,1
7/2/2014,583.35,585.4399,580.39,582.335,582.335,1053500,0,1
7/1/2014,578.32,584.4,576.65,582.67,582.67,1444000,0,1
6/30/2014,578.66,579.57,574.75,575.28,575.28,1310200,0,1
6/27/2014,577.18,579.87,573.8,577.24,577.24,2230800,0,1
6/26/2014,581,582.45,571.85,576,576,1737200,0,1
6/25/2014,565.26,579.96,565.22,578.65,578.65,1964000,0,1
6/24/2014,565.19,572.646,561.01,564.62,564.62,2201100,0,1
6/23/2014,555.15,565,554.25,564.95,564.95,1532600,0,1
6/20/2014,556.85,557.58,550.3915,556.36,556.36,4496000,0,1
6/19/2014,554.24,555,548.51,554.9,554.9,2450100,0,1
6/18/2014,544.86,553.56,544,553.37,553.37,1737000,0,1
6/17/2014,544.2,545.32,539.33,543.01,543.01,1440600,0,1
6/16/2014,549.26,549.62,541.52,544.28,544.28,1697900,0,1
6/13/2014,552.26,552.3,545.56,551.76,551.76,1217200,0,1
6/12/2014,557.3,557.99,548.46,551.35,551.35,1454500,0,1
6/11/2014,558,559.88,555.0201,558.84,558.84,1097100,0,1
6/10/2014,560.51,563.6,557.9,560.55,560.55,1348000,0,1
6/9/2014,557.15,562.9,556.04,562.12,562.12,1463500,0,1
6/6/2014,558.06,558.06,548.93,556.33,556.33,1732000,0,1
6/5/2014,546.4,554.95,544.45,553.9,553.9,1684500,0,1
6/4/2014,541.5,548.61,538.75,544.66,544.66,1811500,0,1
6/3/2014,550.99,552.34,542.55,544.94,544.94,1861500,0,1
6/2/2014,560.7,560.9,545.73,553.93,553.93,1431100,0,1
5/30/2014,560.8,561.35,555.91,559.89,559.89,1766300,0,1
5/29/2014,563.35,564,558.71,560.08,560.08,1350400,0,1
5/28/2014,564.57,567.84,561,561.68,561.68,1647500,0,1
5/27/2014,556,566,554.35,565.95,565.95,2098400,0,1
5/23/2014,547.26,553.64,543.7,552.7,552.7,1926900,0,1
5/22/2014,541.13,547.5999,540.78,545.06,545.06,1611400,0,1
5/21/2014,532.9,539.1828,531.91,538.94,538.94,1193000,0,1
5/20/2014,529.74,536.23,526.3,529.77,529.77,1779900,0,1
5/19/2014,519.7,529.78,517.583,528.86,528.86,1274300,0,1
5/16/2014,521.39,521.8,515.44,520.63,520.63,1481200,0,1
5/15/2014,525.7,525.87,517.42,519.98,519.98,1699700,0,1
5/14/2014,533,533,525.29,526.65,526.65,1188500,0,1
5/13/2014,530.89,536.07,529.51,533.09,533.09,1648900,0,1
5/12/2014,523.51,530.19,519.01,529.92,529.92,1907300,0,1
5/9/2014,510.75,519.9,504.2,518.73,518.73,2432800,0,1
5/8/2014,508.46,517.23,506.45,511,511,2015800,0,1
5/7/2014,515.79,516.68,503.3,509.96,509.96,3215500,0,1
5/6/2014,525.23,526.81,515.06,515.14,515.14,1684400,0,1
5/5/2014,524.82,528.9,521.32,527.81,527.81,1021300,0,1
5/2/2014,533.76,533.9999,525.61,527.93,527.93,1683900,0,1
5/1/2014,527.11,532.93,523.88,531.35,531.35,1900300,0,1
4/30/2014,527.6,528,522.52,526.66,526.66,1746400,0,1
4/29/2014,516.9,529.46,516.32,527.7,527.7,2691700,0,1
4/28/2014,517.18,518.6,502.8,517.15,517.15,3326400,0,1
4/25/2014,522.51,524.7,515.42,516.18,516.18,2094600,0,1
4/24/2014,530.07,531.65,522.12,525.16,525.16,1878000,0,1
4/23/2014,533.79,533.87,526.25,526.94,526.94,2046700,0,1
4/22/2014,528.64,537.23,527.51,534.81,534.81,2358900,0,1
4/21/2014,536.1,536.7,525.6,528.62,528.62,2559700,0,1
4/17/2014,548.81,549.5,531.15,536.1,536.1,6790900,0,1
4/16/2014,543,557,540,556.54,556.54,4879900,0,1
4/15/2014,536.82,538.45,518.4601,536.44,536.44,3844500,0,1
4/14/2014,538.25,544.1,529.561,532.52,532.52,2568000,0,1
4/11/2014,532.55,540,526.53,530.6,530.6,3914100,0,1
4/10/2014,565,565,539.9,540.95,540.95,4025800,0,1
4/9/2014,559.62,565.37,552.95,564.14,564.14,3321700,0,1
4/8/2014,542.6,555,541.61,554.9,554.9,3142600,0,1
4/7/2014,540.74,548.48,527.15,538.15,538.15,4389600,0,1
4/4/2014,574.65,577.77,543,543.14,543.14,6351900,0,1
4/3/2014,569.85,587.28,564.13,569.74,569.74,5085200,0,1
4/2/2014,565.106,604.83,562.19,567,567,146700,0,1
4/1/2014,558.71,568.45,558.71,567.16,567.16,7900,0,1
3/31/2014,566.89,567,556.93,556.97,556.97,10800,0,1
3/28/2014,561.2,566.43,558.67,559.99,559.99,41100,0,1
3/27/2014,568,568,552.92,558.46,558.46,13100,0,1
